Workbook

Sheet 卡牌总表
A1: 序号 | B1: card_id | C1: 职业 | D1: 卡牌名称 | E1: 名称_en | F1: 类别 | G1: 稀有度 | H1: 费用消耗 | I1: 费用_升级后 | J1: 效果原文 | K1: 效果解析 | L1: 目标类型 | M1: 伤害基础 | N1: 伤害升级 | O1: 伤害段数 | P1: 格挡基础 | Q1: 格挡升级 | R1: 抽牌数基础 | S1: 抽牌数升级 | T1: 弃牌数基础 | U1: 弃牌数升级 | V1: 获得能量值基础 | W1: 获得能量值升级 | X1: 获得星辉 | Y1: 获得星辉升级 | Z1: 给予虚弱层数基础 | AA1: 给予虚弱升级 | AB1: 给予易伤层数基础 | AC1: 给予易伤升级 | AD1: 生成状态牌 | AE1: 给予力量 | AF1: 给予中毒 | AG1: 给予灾厄 | AH1: 给予敏捷 | AI1: 给予集中 | AJ1: 给予覆甲 | AK1: 消耗类型 | AL1: 是否保留/持续 | AM1: 基础卡_id | AN1: 核心标签效果 | AO1: 计算备注 | AP1: 计算用等效费用 | AQ1: 临时升级牌数基础 | AR1: 临时升级牌数_升级 | AS1: 卡图 | AT1: 版本/数据源 | AU1: 召唤 | AY1: 产出价值/原牌效 | AZ1: 费用节奏修正牌效 | BA1: 产出每费效率
A2: 1 | B2: ironclad_strike | C2: 铁甲战士 | D2: 打击 | E2: Strike | F2: 攻击 | G2: 基础 | H2: 1 | I2: 1 | J2: 造成6点伤害。 | K2: 造成6伤害，无易伤。 | L2: enemy_single | M2: 6 | N2: 9 | O2: 1 | P2: 0 | Q2: 0 | R2: 0 | S2: 0 | T2: 0 | U2: 0 | V2: 0 | W2: 0 | X2: 0 | Y2: 0 | Z2: 0 | AA2: 0 | AB2: 0 | AC2: 0 | AD2: 0 | AE2: 0 | AF2: 0 | AG2: 0 | AH2: 0 | AI2: 0 | AJ2: 0 | AK2: none | AL2: 0 | AO2: 版本基于v0.110.1，部分能力卡不好评估 | AP2: =IF(ISNUMBER(H2),IF(AND(H2=0,V2=0,AK2="none"),0.4,IF(AK2="exhaust",MAX(H2-V2,0.4),IF(AK2="ethereal",MAX(H2-V2,0.4),MAX(H2-V2,0.4)))),IF(AND(AK2="exhaust",OR(H2="X",H2="∞")),0.4,IF(OR(H2="X",H2="∞"),0.4,0.4))) -> 1 | AQ2: 0 | AR2: 0 | AT2: v0.110.1 sts2.info | AU2: 0 | AY2: =IFERROR(MAX(IF(IF(AND(F2="能力",AL2="能力持续"),(参数!$B$2-1)*参数!$B$3,0)+M2*O2*参数!$B$5*IF(AND(F2="能力",AL2="能力持续"),参数!$B$2,1)+P2*参数!$B$6*IF(AND(F2="能力",AL2="能力持续"),参数!$B$2,1)+R2*参数!$B$7*IF(AND(F2="能力",AL2="能力持续"),参数!$B$2,1)+V2*参数!$B$8+IF(X2<0,X2*参数!$B$13,X2*参数!$B$39)+IF(AE2<0,AE2*参数!$B$13,AE2*参数!$B$12)*参数!$B$2+AQ2*参数!$B$15+AB2*参数!$B$11+AF2*参数!$B$40*参数!$B$2+AG2*参数!$B$44*参数!$B$2+AH2*参数!$B$6*参数!$B$2+AI2*参数!$B$39*参数!$B$2+AJ2*参数!$B$6*参数!$B$2+Z2*参数!$B$13-T2*参数!$B$14-AD2*参数!$B$13+IF(ISNUMBER(AU2),AU2*参数!$B$38,0)-AV2*参数!$B$41-AW2*参数!$B$14>参数!$B$17,参数!$B$17+SQRT(IF(AND(F2="能力",AL2="能力持续"),(参数!$B$2-1)*参数!$B$3,0)+M2*O2*参数!$B$5*IF(AND(F2="能力",AL2="能力持续"),参数!$B$2,1)+P2*参数!$B$6*IF(AND(F2="能力",AL2="能力持续"),参数!$B$2,1)+R2*参数!$B$7*IF(AND(F2="能力",AL2="能力持续"),参数!$B$2,1)+V2*参数!$B$8+IF(X2<0,X2*参数!$B$13,X2*参数!$B$39)+IF(AE2<0,AE2*参数!$B$13,AE2*参数!$B$12)*参数!$B$2+AQ2*参数!$B$15+AB2*参数!$B$11+AF2*参数!$B$40*参数!$B$2+AG2*参数!$B$44*参数!$B$2+AH2*参数!$B$6*参数!$B$2+AI2*参数!$B$39*参数!$B$2+AJ2*参数!$B$6*参数!$B$2+Z2*参数!$B$13-T2*参数!$B$14-AD2*参数!$B$13+IF(ISNUMBER(AU2),AU2*参数!$B$38,0)-AV2*参数!$B$41-AW2*参数!$B$14-参数!$B$17)*参数!$B$18,IF(AND(F2="能力",AL2="能力持续"),(参数!$B$2-1)*参数!$B$3,0)+M2*O2*参数!$B$5*IF(AND(F2="能力",AL2="能力持续"),参数!$B$2,1)+P2*参数!$B$6*IF(AND(F2="能力",AL2="能力持续"),参数!$B$2,1)+R2*参数!$B$7*IF(AND(F2="能力",AL2="能力持续"),参数!$B$2,1)+V2*参数!$B$8+IF(X2<0,X2*参数!$B$13,X2*参数!$B$39)+IF(AE2<0,AE2*参数!$B$13,AE2*参数!$B$12)*参数!$B$2+AQ2*参数!$B$15+AB2*参数!$B$11+AF2*参数!$B$40*参数!$B$2+AG2*参数!$B$44*参数!$B$2+AH2*参数!$B$6*参数!$B$2+AI2*参数!$B$39*参数!$B$2+AJ2*参数!$B$6*参数!$B$2+Z2*参数!$B$13-T2*参数!$B$14-AD2*参数!$B$13+IF(ISNUMBER(AU2),AU2*参数!$B$38,0)-AV2*参数!$B$41-AW2*参数!$B$14),0),0) -> 6 | AZ2: =AY2-MAX(AP2,0)*参数!$B$10 -> 3 | BA2: =IF(MAX(AP2,0)=0,AY2,AY2/MAX(AP2,0)) -> 6
A3: 2 | B3: ironclad_defend | C3: 铁甲战士 | D3: 防御 | E3: Defend | F3: 技能 | G3: 基础 | H3: 1 | I3: 1 | J3: 获得5点格挡。 | K3: 获得5格挡，无伤害。 | L3: self | M3: 0 | N3: 0 | O3: 1 | P3: 5 | Q3: 8 | R3: 0 | S3: 0 | T3: 0 | U3: 0 | V3: 0 | W3: 0 | X3: 0 | Y3: 0 | Z3: 0 | AA3: 0 | AB3: 0 | AC3: 0 | AD3: 0 | AE3: 0 | AF3: 0 | AG3: 0 | AH3: 0 | AI3: 0 | AJ3: 0 | AK3: none | AL3: 0 | AP3: =IF(ISNUMBER(H3),IF(AND(H3=0,V3=0,AK3="none"),0.4,IF(AK3="exhaust",MAX(H3-V3,0.4),IF(AK3="ethereal",MAX(H3-V3,0.4),MAX(H3-V3,0.4)))),IF(AND(AK3="exhaust",OR(H3="X",H3="∞")),0.4,IF(OR(H3="X",H3="∞"),0.4,0.4))) -> 1 | AQ3: 0 | AR3: 0 | AT3: v0.110.1 sts2.info | AU3: 0 | AY3: =IFERROR(MAX(IF(IF(AND(F3="能力",AL3="能力持续"),(参数!$B$2-1)*参数!$B$3,0)+M3*O3*参数!$B$5*IF(AND(F3="能力",AL3="能力持续"),参数!$B$2,1)+P3*参数!$B$6*IF(AND(F3="能力",AL3="能力持续"),参数!$B$2,1)+R3*参数!$B$7*IF(AND(F3="能力",AL3="能力持续"),参数!$B$2,1)+V3*参数!$B$8+IF(X3<0,X3*参数!$B$13,X3*参数!$B$39)+IF(AE3<0,AE3*参数!$B$13,AE3*参数!$B$12)*参数!$B$2+AQ3*参数!$B$15+AB3*参数!$B$11+AF3*参数!$B$40*参数!$B$2+AG3*参数!$B$44*参数!$B$2+AH3*参数!$B$6*参数!$B$2+AI3*参数!$B$39*参数!$B$2+AJ3*参数!$B$6*参数!$B$2+Z3*参数!$B$13-T3*参数!$B$14-AD3*参数!$B$13+IF(ISNUMBER(AU3),AU3*参数!$B$38,0)-AV3*参数!$B$41-AW3*参数!$B$14>参数!$B$17,参数!$B$17+SQRT(IF(AND(F3="能力",AL3="能力持续"),(参数!$B$2-1)*参数!$B$3,0)+M3*O3*参数!$B$5*IF(AND(F3="能力",AL3="能力持续"),参数!$B$2,1)+P3*参数!$B$6*IF(AND(F3="能力",AL3="能力持续"),参数!$B$2,1)+R3*参数!$B$7*IF(AND(F3="能力",AL3="能力持续"),参数!$B$2,1)+V3*参数!$B$8+IF(X3<0,X3*参数!$B$13,X3*参数!$B$39)+IF(AE3<0,AE3*参数!$B$13,AE3*参数!$B$12)*参数!$B$2+AQ3*参数!$B$15+AB3*参数!$B$11+AF3*参数!$B$40*参数!$B$2+AG3*参数!$B$44*参数!$B$2+AH3*参数!$B$6*参数!$B$2+AI3*参数!$B$39*参数!$B$2+AJ3*参数!$B$6*参数!$B$2+Z3*参数!$B$13-T3*参数!$B$14-AD3*参数!$B$13+IF(ISNUMBER(AU3),AU3*参数!$B$38,0)-AV3*参数!$B$41-AW3*参数!$B$14-参数!$B$17)*参数!$B$18,IF(AND(F3="能力",AL3="能力持续"),(参数!$B$2-1)*参数!$B$3,0)+M3*O3*参数!$B$5*IF(AND(F3="能力",AL3="能力持续"),参数!$B$2,1)+P3*参数!$B$6*IF(AND(F3="能力",AL3="能力持续"),参数!$B$2,1)+R3*参数!$B$7*IF(AND(F3="能力",AL3="能力持续"),参数!$B$2,1)+V3*参数!$B$8+IF(X3<0,X3*参数!$B$13,X3*参数!$B$39)+IF(AE3<0,AE3*参数!$B$13,AE3*参数!$B$12)*参数!$B$2+AQ3*参数!$B$15+AB3*参数!$B$11+AF3*参数!$B$40*参数!$B$2+AG3*参数!$B$44*参数!$B$2+AH3*参数!$B$6*参数!$B$2+AI3*参数!$B$39*参数!$B$2+AJ3*参数!$B$6*参数!$B$2+Z3*参数!$B$13-T3*参数!$B$14-AD3*参数!$B$13+IF(ISNUMBER(AU3),AU3*参数!$B$38,0)-AV3*参数!$B$41-AW3*参数!$B$14),0),0) -> 5.5 | AZ3: =AY3-MAX(AP3,0)*参数!$B$10 -> 2.5 | BA3: =IF(MAX(AP3,0)=0,AY3,AY3/MAX(AP3,0)) -> 5.5
A4: 3 | B4: ironclad_aggression | C4: 铁甲战士 | D4: 好勇斗狠 | E4: Aggression | F4: 能力 | G4: 稀有 | H4: 1 | I4: 1 | J4: 在你的回合开始时，将你弃牌堆的一张随机攻击牌放入你的手牌并将其升级。 | K4: 弃牌堆拿一张攻击牌，升级该牌。 | L4: self | M4: 0 | N4: 0 | O4: 1 | P4: 0 | Q4: 0 | R4: 0 | S4: 0 | T4: 0 | U4: 0 | V4: 0 | W4: 0 | X4: 0 | Y4: 0 | Z4: 0 | AA4: 0 | AB4: 0 | AC4: 0 | AD4: 0 | AE4: 0 | AF4: 0 | AG4: 0 | AH4: 0 | AI4: 0 | AJ4: 0 | AK4: none | AL4: 能力持续 | AN4: 能力，固有，弃牌回收，临时升级 | AO4: 此卡是敲后固有 | AP4: =IF(ISNUMBER(H4),IF(AND(H4=0,V4=0,AK4="none"),0.4,IF(AK4="exhaust",MAX(H4-V4,0.4),IF(AK4="ethereal",MAX(H4-V4,0.4),MAX(H4-V4,0.4)))),IF(AND(AK4="exhaust",OR(H4="X",H4="∞")),0.4,IF(OR(H4="X",H4="∞"),0.4,0.4))) -> 1 | AQ4: 0 | AR4: 0 | AT4: v0.110.1 sts2.info | AU4: 0 | AY4: =IFERROR(MAX(IF(IF(AND(F4="能力",AL4="能力持续"),(参数!$B$2-1)*参数!$B$3,0)+M4*O4*参数!$B$5*IF(AND(F4="能力",AL4="能力持续"),参数!$B$2,1)+P4*参数!$B$6*IF(AND(F4="能力",AL4="能力持续"),参数!$B$2,1)+R4*参数!$B$7*IF(AND(F4="能力",AL4="能力持续"),参数!$B$2,1)+V4*参数!$B$8+IF(X4<0,X4*参数!$B$13,X4*参数!$B$39)+IF(AE4<0,AE4*参数!$B$13,AE4*参数!$B$12)*参数!$B$2+AQ4*参数!$B$15+AB4*参数!$B$11+AF4*参数!$B$40*参数!$B$2+AG4*参数!$B$44*参数!$B$2+AH4*参数!$B$6*参数!$B$2+AI4*参数!$B$39*参数!$B$2+AJ4*参数!$B$6*参数!$B$2+Z4*参数!$B$13-T4*参数!$B$14-AD4*参数!$B$13+IF(ISNUMBER(AU4),AU4*参数!$B$38,0)-AV4*参数!$B$41-AW4*参数!$B$14>参数!$B$17,参数!$B$17+SQRT(IF(AND(F4="能力",AL4="能力持续"),(参数!$B$2-1)*参数!$B$3,0)+M4*O4*参数!$B$5*IF(AND(F4="能力",AL4="能力持续"),参数!$B$2,1)+P4*参数!$B$6*IF(AND(F4="能力",AL4="能力持续"),参数!$B$2,1)+R4*参数!$B$7*IF(AND(F4="能力",AL4="能力持续"),参数!$B$2,1)+V4*参数!$B$8+IF(X4<0,X4*参数!$B$13,X4*参数!$B$39)+IF(AE4<0,AE4*参数!$B$13,AE4*参数!$B$12)*参数!$B$2+AQ4*参数!$B$15+AB4*参数!$B$11+AF4*参数!$B$40*参数!$B$2+AG4*参数!$B$44*参数!$B$2+AH4*参数!$B$6*参数!$B$2+AI4*参数!$B$39*参数!$B$2+AJ4*参数!$B$6*参数!$B$2+Z4*参数!$B$13-T4*参数!$B$14-AD4*参数!$B$13+IF(ISNUMBER(AU4),AU4*参数!$B$38,0)-AV4*参数!$B$41-AW4*参数!$B$14-参数!$B$17)*参数!$B$18,IF(AND(F4="能力",AL4="能力持续"),(参数!$B$2-1)*参数!$B$3,0)+M4*O4*参数!$B$5*IF(AND(F4="能力",AL4="能力持续"),参数!$B$2,1)+P4*参数!$B$6*IF(AND(F4="能力",AL4="能力持续"),参数!$B$2,1)+R4*参数!$B$7*IF(AND(F4="能力",AL4="能力持续"),参数!$B$2,1)+V4*参数!$B$8+IF(X4<0,X4*参数!$B$13,X4*参数!$B$39)+IF(AE4<0,AE4*参数!$B$13,AE4*参数!$B$12)*参数!$B$2+AQ4*参数!$B$15+AB4*参数!$B$11+AF4*参数!$B$40*参数!$B$2+AG4*参数!$B$44*参数!$B$2+AH4*参数!$B$6*参数!$B$2+AI4*参数!$B$39*参数!$B$2+AJ4*参数!$B$6*参数!$B$2+Z4*参数!$B$13-T4*参数!$B$14-AD4*参数!$B$13+IF(ISNUMBER(AU4),AU4*参数!$B$38,0)-AV4*参数!$B$41-AW4*参数!$B$14),0),0) -> 3.6 | AZ4: =AY4-MAX(AP4,0)*参数!$B$10 -> 0.6 | BA4: =IF(MAX(AP4,0)=0,AY4,AY4/MAX(AP4,0)) -> 3.6
A5: 4 | B5: ironclad_anger | C5: 铁甲战士 | D5: 愤怒 | E5: Anger | F5: 攻击 | G5: 普通 | H5: 0 | I5: 0 | J5: 造成6点伤害。 将一张此牌的复制品加入你的弃牌堆。 | K5: 生成一张同样的牌，造成6伤害 | L5: enermy_single | M5: 6 | N5: 8 | O5: 1 | P5: 0 | Q5: 0 | R5: 0 | S5: 0 | T5: 0 | U5: 0 | V5: 0 | W5: 0 | X5: 0 | Y5: 0 | Z5: 0 | AA5: 0 | AB5: 0 | AC5: 0 | AD5: 0 | AE5: 0 | AF5: 0 | AG5: 0 | AH5: 0 | AI5: 0 | AJ5: 0 | AK5: none | AL5: 0 | AP5: =IF(ISNUMBER(H5),IF(AND(H5=0,V5=0,AK5="none"),0.4,IF(AK5="exhaust",MAX(H5-V5,0.4),IF(AK5="ethereal",MAX(H5-V5,0.4),MAX(H5-V5,0.4)))),IF(AND(AK5="exhaust",OR(H5="X",H5="∞")),0.4,IF(OR(H5="X",H5="∞"),0.4,0.4))) -> 0.4 | AQ5: 0 | AR5: 0 | AT5: v0.110.1 sts2.info | AU5: 0 | AY5: =IFERROR(MAX(IF(IF(AND(F5="能力",AL5="能力持续"),(参数!$B$2-1)*参数!$B$3,0)+M5*O5*参数!$B$5*IF(AND(F5="能力",AL5="能力持续"),参数!$B$2,1)+P5*参数!$B$6*IF(AND(F5="能力",AL5="能力持续"),参数!$B$2,1)+R5*参数!$B$7*IF(AND(F5="能力",AL5="能力持续"),参数!$B$2,1)+V5*参数!$B$8+IF(X5<0,X5*参数!$B$13,X5*参数!$B$39)+IF(AE5<0,AE5*参数!$B$13,AE5*参数!$B$12)*参数!$B$2+AQ5*参数!$B$15+AB5*参数!$B$11+AF5*参数!$B$40*参数!$B$2+AG5*参数!$B$44*参数!$B$2+AH5*参数!$B$6*参数!$B$2+AI5*参数!$B$39*参数!$B$2+AJ5*参数!$B$6*参数!$B$2+Z5*参数!$B$13-T5*参数!$B$14-AD5*参数!$B$13+IF(ISNUMBER(AU5),AU5*参数!$B$38,0)-AV5*参数!$B$41-AW5*参数!$B$14>参数!$B$17,参数!$B$17+SQRT(IF(AND(F5="能力",AL5="能力持续"),(参数!$B$2-1)*参数!$B$3,0)+M5*O5*参数!$B$5*IF(AND(F5="能力",AL5="能力持续"),参数!$B$2,1)+P5*参数!$B$6*IF(AND(F5="能力",AL5="能力持续"),参数!$B$2,1)+R5*参数!$B$7*IF(AND(F5="能力",AL5="能力持续"),参数!$B$2,1)+V5*参数!$B$8+IF(X5<0,X5*参数!$B$13,X5*参数!$B$39)+IF(AE5<0,AE5*参数!$B$13,AE5*参数!$B$12)*参数!$B$2+AQ5*参数!$B$15+AB5*参数!$B$11+AF5*参数!$B$40*参数!$B$2+AG5*参数!$B$44*参数!$B$2+AH5*参数!$B$6*参数!$B$2+AI5*参数!$B$39*参数!$B$2+AJ5*参数!$B$6*参数!$B$2+Z5*参数!$B$13-T5*参数!$B$14-AD5*参数!$B$13+IF(ISNUMBER(AU5),AU5*参数!$B$38,0)-AV5*参数!$B$41-AW5*参数!$B$14-参数!$B$17)*参数!$B$18,IF(AND(F5="能力",AL5="能力持续"),(参数!$B$2-1)*参数!$B$3,0)+M5*O5*参数!$B$5*IF(AND(F5="能力",AL5="能力持续"),参数!$B$2,1)+P5*参数!$B$6*IF(AND(F5="能力",AL5="能力持续"),参数!$B$2,1)+R5*参数!$B$7*IF(AND(F5="能力",AL5="能力持续"),参数!$B$2,1)+V5*参数!$B$8+IF(X5<0,X5*参数!$B$13,X5*参数!$B$39)+IF(AE5<0,AE5*参数!$B$13,AE5*参数!$B$12)*参数!$B$2+AQ5*参数!$B$15+AB5*参数!$B$11+AF5*参数!$B$40*参数!$B$2+AG5*参数!$B$44*参数!$B$2+AH5*参数!$B$6*参数!$B$2+AI5*参数!$B$39*参数!$B$2+AJ5*参数!$B$6*参数!$B$2+Z5*参数!$B$13-T5*参数!$B$14-AD5*参数!$B$13+IF(ISNUMBER(AU5),AU5*参数!$B$38,0)-AV5*参数!$B$41-AW5*参数!$B$14),0),0) -> 6 | AZ5: =AY5-MAX(AP5,0)*参数!$B$10 -> 4.8 | BA5: =IF(MAX(AP5,0)=0,AY5,AY5/MAX(AP5,0)) -> 15
A6: 5 | B6: ironclad_armaments | C6: 铁甲战士 | D6: 武装 | E6: Armaments | F6: 技能 | G6: 普通 | H6: 1 | I6: 1 | J6: 获得5点格挡。 升级你手牌中的一张牌。 | K6: 升级一张牌，防御5 | L6: self | M6: 0 | N6: 0 | O6: 1 | P6: 5 | Q6: 5 | R6: 0 | S6: 0 | T6: 0 | U6: 0 | V6: 0 | W6: 0 | X6: 0 | Y6: 0 | Z6: 0 | AA6: 0 | AB6: 0 | AC6: 0 | AD6: 0 | AE6: 0 | AF6: 0 | AG6: 0 | AH6: 0 | AI6: 0 | AJ6: 0 | AK6: none | AL6: 0 | AP6: =IF(ISNUMBER(H6),IF(AND(H6=0,V6=0,AK6="none"),0.4,IF(AK6="exhaust",MAX(H6-V6,0.4),IF(AK6="ethereal",MAX(H6-V6,0.4),MAX(H6-V6,0.4)))),IF(AND(AK6="exhaust",OR(H6="X",H6="∞")),0.4,IF(OR(H6="X",H6="∞"),0.4,0.4))) -> 1 | AQ6: 0 | AR6: 0 | AT6: v0.110.1 sts2.info | AU6: 0 | AY6: =IFERROR(MAX(IF(IF(AND(F6="能力",AL6="能力持续"),(参数!$B$2-1)*参数!$B$3,0)+M6*O6*参数!$B$5*IF(AND(F6="能力",AL6="能力持续"),参数!$B$2,1)+P6*参数!$B$6*IF(AND(F6="能力",AL6="能力持续"),参数!$B$2,1)+R6*参数!$B$7*IF(AND(F6="能力",AL6="能力持续"),参数!$B$2,1)+V6*参数!$B$8+IF(X6<0,X6*参数!$B$13,X6*参数!$B$39)+IF(AE6<0,AE6*参数!$B$13,AE6*参数!$B$12)*参数!$B$2+AQ6*参数!$B$15+AB6*参数!$B$11+AF6*参数!$B$40*参数!$B$2+AG6*参数!$B$44*参数!$B$2+AH6*参数!$B$6*参数!$B$2+AI6*参数!$B$39*参数!$B$2+AJ6*参数!$B$6*参数!$B$2+Z6*参数!$B$13-T6*参数!$B$14-AD6*参数!$B$13+IF(ISNUMBER(AU6),AU6*参数!$B$38,0)-AV6*参数!$B$41-AW6*参数!$B$14>参数!$B$17,参数!$B$17+SQRT(IF(AND(F6="能力",AL6="能力持续"),(参数!$B$2-1)*参数!$B$3,0)+M6*O6*参数!$B$5*IF(AND(F6="能力",AL6="能力持续"),参数!$B$2,1)+P6*参数!$B$6*IF(AND(F6="能力",AL6="能力持续"),参数!$B$2,1)+R6*参数!$B$7*IF(AND(F6="能力",AL6="能力持续"),参数!$B$2,1)+V6*参数!$B$8+IF(X6<0,X6*参数!$B$13,X6*参数!$B$39)+IF(AE6<0,AE6*参数!$B$13,AE6*参数!$B$12)*参数!$B$2+AQ6*参数!$B$15+AB6*参数!$B$11+AF6*参数!$B$40*参数!$B$2+AG6*参数!$B$44*参数!$B$2+AH6*参数!$B$6*参数!$B$2+AI6*参数!$B$39*参数!$B$2+AJ6*参数!$B$6*参数!$B$2+Z6*参数!$B$13-T6*参数!$B$14-AD6*参数!$B$13+IF(ISNUMBER(AU6),AU6*参数!$B$38,0)-AV6*参数!$B$41-AW6*参数!$B$14-参数!$B$17)*参数!$B$18,IF(AND(F6="能力",AL6="能力持续"),(参数!$B$2-1)*参数!$B$3,0)+M6*O6*参数!$B$5*IF(AND(F6="能力",AL6="能力持续"),参数!$B$2,1)+P6*参数!$B$6*IF(AND(F6="能力",AL6="能力持续"),参数!$B$2,1)+R6*参数!$B$7*IF(AND(F6="能力",AL6="能力持续"),参数!$B$2,1)+V6*参数!$B$8+IF(X6<0,X6*参数!$B$13,X6*参数!$B$39)+IF(AE6<0,AE6*参数!$B$13,AE6*参数!$B$12)*参数!$B$2+AQ6*参数!$B$15+AB6*参数!$B$11+AF6*参数!$B$40*参数!$B$2+AG6*参数!$B$44*参数!$B$2+AH6*参数!$B$6*参数!$B$2+AI6*参数!$B$39*参数!$B$2+AJ6*参数!$B$6*参数!$B$2+Z6*参数!$B$13-T6*参数!$B$14-AD6*参数!$B$13+IF(ISNUMBER(AU6),AU6*参数!$B$38,0)-AV6*参数!$B$41-AW6*参数!$B$14),0),0) -> 5.5 | AZ6: =AY6-MAX(AP6,0)*参数!$B$10 -> 2.5 | BA6: =IF(MAX(AP6,0)=0,AY6,AY6/MAX(AP6,0)) -> 5.5
A7: 6 | B7: ironclad_ashen_strike | C7: 铁甲战士 | D7: 灰烬打击 | E7: Ashen Strike | F7: 攻击 | G7: 罕见 | H7: 1 | I7: 1 | J7: 造成6点伤害。 你的消耗牌堆中每有一张牌，伤害增加3。 | K7: 攻击终端卡，打出3x+6的伤害 | L7: enemy_single | M7: =6+参数!$B$42*3 -> 24 | N7: 6 | O7: 1 | P7: 0 | Q7: 0 | R7: 0 | S7: 0 | T7: 0 | U7: 0 | V7: 0 | W7: 0 | X7: 0 | Y7: 0 | Z7: 0 | AA7: 0 | AB7: 0 | AC7: 0 | AD7: 0 | AE7: 0 | AF7: 0 | AG7: 0 | AH7: 0 | AI7: 0 | AJ7: 0 | AK7: none | AL7: 0 | AO7: 加伤效果视为打击多次升级 | AP7: =IF(ISNUMBER(H7),IF(AND(H7=0,V7=0,AK7="none"),0.4,IF(AK7="exhaust",MAX(H7-V7,0.4),IF(AK7="ethereal",MAX(H7-V7,0.4),MAX(H7-V7,0.4)))),IF(AND(AK7="exhaust",OR(H7="X",H7="∞")),0.4,IF(OR(H7="X",H7="∞"),0.4,0.4))) -> 1 | AQ7: 0 | AR7: 0 | AT7: v0.110.1 sts2.info | AU7: 0 | AY7: =IFERROR(MAX(IF(IF(AND(F7="能力",AL7="能力持续"),(参数!$B$2-1)*参数!$B$3,0)+M7*O7*参数!$B$5*IF(AND(F7="能力",AL7="能力持续"),参数!$B$2,1)+P7*参数!$B$6*IF(AND(F7="能力",AL7="能力持续"),参数!$B$2,1)+R7*参数!$B$7*IF(AND(F7="能力",AL7="能力持续"),参数!$B$2,1)+V7*参数!$B$8+IF(X7<0,X7*参数!$B$13,X7*参数!$B$39)+IF(AE7<0,AE7*参数!$B$13,AE7*参数!$B$12)*参数!$B$2+AQ7*参数!$B$15+AB7*参数!$B$11+AF7*参数!$B$40*参数!$B$2+AG7*参数!$B$44*参数!$B$2+AH7*参数!$B$6*参数!$B$2+AI7*参数!$B$39*参数!$B$2+AJ7*参数!$B$6*参数!$B$2+Z7*参数!$B$13-T7*参数!$B$14-AD7*参数!$B$13+IF(ISNUMBER(AU7),AU7*参数!$B$38,0)-AV7*参数!$B$41-AW7*参数!$B$14>参数!$B$17,参数!$B$17+SQRT(IF(AND(F7="能力",AL7="能力持续"),(参数!$B$2-1)*参数!$B$3,0)+M7*O7*参数!$B$5*IF(AND(F7="能力",AL7="能力持续"),参数!$B$2,1)+P7*参数!$B$6*IF(AND(F7="能力",AL7="能力持续"),参数!$B$2,1)+R7*参数!$B$7*IF(AND(F7="能力",AL7="能力持续"),参数!$B$2,1)+V7*参数!$B$8+IF(X7<0,X7*参数!$B$13,X7*参数!$B$39)+IF(AE7<0,AE7*参数!$B$13,AE7*参数!$B$12)*参数!$B$2+AQ7*参数!$B$15+AB7*参数!$B$11+AF7*参数!$B$40*参数!$B$2+AG7*参数!$B$44*参数!$B$2+AH7*参数!$B$6*参数!$B$2+AI7*参数!$B$39*参数!$B$2+AJ7*参数!$B$6*参数!$B$2+Z7*参数!$B$13-T7*参数!$B$14-AD7*参数!$B$13+IF(ISNUMBER(AU7),AU7*参数!$B$38,0)-AV7*参数!$B$41-AW7*参数!$B$14-参数!$B$17)*参数!$B$18,IF(AND(F7="能力",AL7="能力持续"),(参数!$B$2-1)*参数!$B$3,0)+M7*O7*参数!$B$5*IF(AND(F7="能力",AL7="能力持续"),参数!$B$2,1)+P7*参数!$B$6*IF(AND(F7="能力",AL7="能力持续"),参数!$B$2,1)+R7*参数!$B$7*IF(AND(F7="能力",AL7="能力持续"),参数!$B$2,1)+V7*参数!$B$8+IF(X7<0,X7*参数!$B$13,X7*参数!$B$39)+IF(AE7<0,AE7*参数!$B$13,AE7*参数!$B$12)*参数!$B$2+AQ7*参数!$B$15+AB7*参数!$B$11+AF7*参数!$B$40*参数!$B$2+AG7*参数!$B$44*参数!$B$2+AH7*参数!$B$6*参数!$B$2+AI7*参数!$B$39*参数!$B$2+AJ7*参数!$B$6*参数!$B$2+Z7*参数!$B$13-T7*参数!$B$14-AD7*参数!$B$13+IF(ISNUMBER(AU7),AU7*参数!$B$38,0)-AV7*参数!$B$41-AW7*参数!$B$14),0),0) -> 15.612486 | AZ7: =AY7-MAX(AP7,0)*参数!$B$10 -> 12.612486 | BA7: =IF(MAX(AP7,0)=0,AY7,AY7/MAX(AP7,0)) -> 15.612486
A8: 7 | B8: ironclad_barricade | C8: 铁甲战士 | D8: 壁垒 | E8: Barricade | F8: 能力 | G8: 稀有 | H8: 3 | I8: 2 | J8: 格挡不再在你的回合开始时消失。 | K8: 保留防御值 | L8: self | M8: 0 | N8: 0 | O8: 1 | P8: 0 | Q8: 0 | R8: 0 | S8: 0 | T8: 0 | U8: 0 | V8: 0 | W8: 0 | X8: 0 | Y8: 0 | Z8: 0 | AA8: 0 | AB8: 0 | AC8: 0 | AD8: 0 | AE8: 0 | AF8: 0 | AG8: 0 | AH8: 0 | AI8: 0 | AJ8: 0 | AK8: none | AL8: 能力持续 | AO8: 保留格挡视为防御多次升级乘以能力系数 | AP8: =IF(ISNUMBER(H8),IF(AND(H8=0,V8=0,AK8="none"),0.4,IF(AK8="exhaust",MAX(H8-V8,0.4),IF(AK8="ethereal",MAX(H8-V8,0.4),MAX(H8-V8,0.4)))),IF(AND(AK8="exhaust",OR(H8="X",H8="∞")),0.4,IF(OR(H8="X",H8="∞"),0.4,0.4))) -> 3 | AQ8: 0 | AR8: 0 | AT8: v0.110.1 sts2.info | AU8: 0 | AY8: =IFERROR(MAX(IF(IF(AND(F8="能力",AL8="能力持续"),(参数!$B$2-1)*参数!$B$3,0)+M8*O8*参数!$B$5*IF(AND(F8="能力",AL8="能力持续"),参数!$B$2,1)+P8*参数!$B$6*IF(AND(F8="能力",AL8="能力持续"),参数!$B$2,1)+R8*参数!$B$7*IF(AND(F8="能力",AL8="能力持续"),参数!$B$2,1)+V8*参数!$B$8+IF(X8<0,X8*参数!$B$13,X8*参数!$B$39)+IF(AE8<0,AE8*参数!$B$13,AE8*参数!$B$12)*参数!$B$2+AQ8*参数!$B$15+AB8*参数!$B$11+AF8*参数!$B$40*参数!$B$2+AG8*参数!$B$44*参数!$B$2+AH8*参数!$B$6*参数!$B$2+AI8*参数!$B$39*参数!$B$2+AJ8*参数!$B$6*参数!$B$2+Z8*参数!$B$13-T8*参数!$B$14-AD8*参数!$B$13+IF(ISNUMBER(AU8),AU8*参数!$B$38,0)-AV8*参数!$B$41-AW8*参数!$B$14>参数!$B$17,参数!$B$17+SQRT(IF(AND(F8="能力",AL8="能力持续"),(参数!$B$2-1)*参数!$B$3,0)+M8*O8*参数!$B$5*IF(AND(F8="能力",AL8="能力持续"),参数!$B$2,1)+P8*参数!$B$6*IF(AND(F8="能力",AL8="能力持续"),参数!$B$2,1)+R8*参数!$B$7*IF(AND(F8="能力",AL8="能力持续"),参数!$B$2,1)+V8*参数!$B$8+IF(X8<0,X8*参数!$B$13,X8*参数!$B$39)+IF(AE8<0,AE8*参数!$B$13,AE8*参数!$B$12)*参数!$B$2+AQ8*参数!$B$15+AB8*参数!$B$11+AF8*参数!$B$40*参数!$B$2+AG8*参数!$B$44*参数!$B$2+AH8*参数!$B$6*参数!$B$2+AI8*参数!$B$39*参数!$B$2+AJ8*参数!$B$6*参数!$B$2+Z8*参数!$B$13-T8*参数!$B$14-AD8*参数!$B$13+IF(ISNUMBER(AU8),AU8*参数!$B$38,0)-AV8*参数!$B$41-AW8*参数!$B$14-参数!$B$17)*参数!$B$18,IF(AND(F8="能力",AL8="能力持续"),(参数!$B$2-1)*参数!$B$3,0)+M8*O8*参数!$B$5*IF(AND(F8="能力",AL8="能力持续"),参数!$B$2,1)+P8*参数!$B$6*IF(AND(F8="能力",AL8="能力持续"),参数!$B$2,1)+R8*参数!$B$7*IF(AND(F8="能力",AL8="能力持续"),参数!$B$2,1)+V8*参数!$B$8+IF(X8<0,X8*参数!$B$13,X8*参数!$B$39)+IF(AE8<0,AE8*参数!$B$13,AE8*参数!$B$12)*参数!$B$2+AQ8*参数!$B$15+AB8*参数!$B$11+AF8*参数!$B$40*参数!$B$2+AG8*参数!$B$44*参数!$B$2+AH8*参数!$B$6*参数!$B$2+AI8*参数!$B$39*参数!$B$2+AJ8*参数!$B$6*参数!$B$2+Z8*参数!$B$13-T8*参数!$B$14-AD8*参数!$B$13+IF(ISNUMBER(AU8),AU8*参数!$B$38,0)-AV8*参数!$B$41-AW8*参数!$B$14),0),0) -> 3.6 | AZ8: =AY8-MAX(AP8,0)*参数!$B$10 -> -5.4 | BA8: =IF(MAX(AP8,0)=0,AY8,AY8/MAX(AP8,0)) -> 1.2
A9: 8 | B9: ironclad_bash | C9: 铁甲战士 | D9: 痛击 | E9: Bash | F9: 攻击 | G9: 基础 | H9: 2 | I9: 2 | J9: 造成8点伤害。 给予2层易伤。 | K9: 造成8伤害，给予2易伤 | L9: enemy_single | M9: 8 | N9: 10 | O9: 1 | P9: 0 | Q9: 0 | R9: 0 | S9: 0 | T9: 0 | U9: 0 | V9: 0 | W9: 0 | X9: 0 | Y9: 0 | Z9: 0 | AA9: 2 | AB9: 2 | AC9: 3 | AD9: 0 | AE9: 0 | AF9: 0 | AG9: 0 | AH9: 0 | AI9: 0 | AJ9: 0 | AK9: none | AL9: 0 | AP9: =IF(ISNUMBER(H9),IF(AND(H9=0,V9=0,AK9="none"),0.4,IF(AK9="exhaust",MAX(H9-V9,0.4),IF(AK9="ethereal",MAX(H9-V9,0.4),MAX(H9-V9,0.4)))),IF(AND(AK9="exhaust",OR(H9="X",H9="∞")),0.4,IF(OR(H9="X",H9="∞"),0.4,0.4))) -> 2 | AQ9: 0 | AR9: 0 | AT9: v0.110.1 sts2.info | AU9: 0 | AV9: 2 | AY9: =IFERROR(MAX(IF(IF(AND(F9="能力",AL9="能力持续"),(参数!$B$2-1)*参数!$B$3,0)+M9*O9*参数!$B$5*IF(AND(F9="能力",AL9="能力持续"),参数!$B$2,1)+P9*参数!$B$6*IF(AND(F9="能力",AL9="能力持续"),参数!$B$2,1)+R9*参数!$B$7*IF(AND(F9="能力",AL9="能力持续"),参数!$B$2,1)+V9*参数!$B$8+IF(X9<0,X9*参数!$B$13,X9*参数!$B$39)+IF(AE9<0,AE9*参数!$B$13,AE9*参数!$B$12)*参数!$B$2+AQ9*参数!$B$15+AB9*参数!$B$11+AF9*参数!$B$40*参数!$B$2+AG9*参数!$B$44*参数!$B$2+AH9*参数!$B$6*参数!$B$2+AI9*参数!$B$39*参数!$B$2+AJ9*参数!$B$6*参数!$B$2+Z9*参数!$B$13-T9*参数!$B$14-AD9*参数!$B$13+IF(ISNUMBER(AU9),AU9*参数!$B$38,0)-AV9*参数!$B$41-AW9*参数!$B$14>参数!$B$17,参数!$B$17+SQRT(IF(AND(F9="能力",AL9="能力持续"),(参数!$B$2-1)*参数!$B$3,0)+M9*O9*参数!$B$5*IF(AND(F9="能力",AL9="能力持续"),参数!$B$2,1)+P9*参数!$B$6*IF(AND(F9="能力",AL9="能力持续"),参数!$B$2,1)+R9*参数!$B$7*IF(AND(F9="能力",AL9="能力持续"),参数!$B$2,1)+V9*参数!$B$8+IF(X9<0,X9*参数!$B$13,X9*参数!$B$39)+IF(AE9<0,AE9*参数!$B$13,AE9*参数!$B$12)*参数!$B$2+AQ9*参数!$B$15+AB9*参数!$B$11+AF9*参数!$B$40*参数!$B$2+AG9*参数!$B$44*参数!$B$2+AH9*参数!$B$6*参数!$B$2+AI9*参数!$B$39*参数!$B$2+AJ9*参数!$B$6*参数!$B$2+Z9*参数!$B$13-T9*参数!$B$14-AD9*参数!$B$13+IF(ISNUMBER(AU9),AU9*参数!$B$38,0)-AV9*参数!$B$41-AW9*参数!$B$14-参数!$B$17)*参数!$B$18,IF(AND(F9="能力",AL9="能力持续"),(参数!$B$2-1)*参数!$B$3,0)+M9*O9*参数!$B$5*IF(AND(F9="能力",AL9="能力持续"),参数!$B$2,1)+P9*参数!$B$6*IF(AND(F9="能力",AL9="能力持续"),参数!$B$2,1)+R9*参数!$B$7*IF(AND(F9="能力",AL9="能力持续"),参数!$B$2,1)+V9*参数!$B$8+IF(X9<0,X9*参数!$B$13,X9*参数!$B$39)+IF(AE9<0,AE9*参数!$B$13,AE9*参数!$B$12)*参数!$B$2+AQ9*参数!$B$15+AB9*参数!$B$11+AF9*参数!$B$40*参数!$B$2+AG9*参数!$B$44*参数!$B$2+AH9*参数!$B$6*参数!$B$2+AI9*参数!$B$39*参数!$B$2+AJ9*参数!$B$6*参数!$B$2+Z9*参数!$B$13-T9*参数!$B$14-AD9*参数!$B$13+IF(ISNUMBER(AU9),AU9*参数!$B$38,0)-AV9*参数!$B$41-AW9*参数!$B$14),0),0) -> 4.6 | AZ9: =AY9-MAX(AP9,0)*参数!$B$10 -> -1.4 | BA9: =IF(MAX(AP9,0)=0,AY9,AY9/MAX(AP9,0)) -> 2.3
A10: 9 | B10: ironclad_battle_trance | C10: 铁甲战士 | D10: 战斗专注 | E10: Battle Trance | F10: 技能 | G10: 罕见 | H10: 0 | I10: 0 | J10: 抽3张牌。 你在本回合内不能再抽任何牌。 | L10: enemy_single | M10: 0 | N10: 0 | O10: 1 | P10: 0 | Q10: 0 | R10: 3 | S10: 4 | T10: 0 | U10: 0 | V10: 0 | W10: 0 | X10: 0 | Y10: 0 | Z10: 0 | AA10: 0 | AB10: 0 | AC10: 0 | AD10: 0 | AE10: 0 | AF10: 0 | AG10: 0 | AH10: 0 | AI10: 0 | AJ10: 0 | AK10: none | AN10: 本回合 | AP10: =IF(ISNUMBER(H10),IF(AND(H10=0,V10=0,AK10="none"),0.4,IF(AK10="exhaust",MAX(H10-V10,0.4),IF(AK10="ethereal",MAX(H10-V10,0.4),MAX(H10-V10,0.4)))),IF(AND(AK10="exhaust",OR(H10="X",H10="∞")),0.4,IF(OR(H10="X",H10="∞"),0.4,0.4))) -> 0.4 | AQ10: 0 | AR10: 0 | AT10: v0.110.1 sts2.info | AU10: 0 | AY10: =IFERROR(MAX(IF(IF(AND(F10="能力",AL10="能力持续"),(参数!$B$2-1)*参数!$B$3,0)+M10*O10*参数!$B$5*IF(AND(F10="能力",AL10="能力持续"),参数!$B$2,1)+P10*参数!$B$6*IF(AND(F10="能力",AL10="能力持续"),参数!$B$2,1)+R10*参数!$B$7*IF(AND(F10="能力",AL10="能力持续"),参数!$B$2,1)+V10*参数!$B$8+IF(X10<0,X10*参数!$B$13,X10*参数!$B$39)+IF(AE10<0,AE10*参数!$B$13,AE10*参数!$B$12)*参数!$B$2+AQ10*参数!$B$15+AB10*参数!$B$11+AF10*参数!$B$40*参数!$B$2+AG10*参数!$B$44*参数!$B$2+AH10*参数!$B$6*参数!$B$2+AI10*参数!$B$39*参数!$B$2+AJ10*参数!$B$6*参数!$B$2+Z10*参数!$B$13-T10*参数!$B$14-AD10*参数!$B$13+IF(ISNUMBER(AU10),AU10*参数!$B$38,0)-AV10*参数!$B$41-AW10*参数!$B$14>参数!$B$17,参数!$B$17+SQRT(IF(AND(F10="能力",AL10="能力持续"),(参数!$B$2-1)*参数!$B$3,0)+M10*O10*参数!$B$5*IF(AND(F10="能力",AL10="能力持续"),参数!$B$2,1)+P10*参数!$B$6*IF(AND(F10="能力",AL10="能力持续"),参数!$B$2,1)+R10*参数!$B$7*IF(AND(F10="能力",AL10="能力持续"),参数!$B$2,1)+V10*参数!$B$8+IF(X10<0,X10*参数!$B$13,X10*参数!$B$39)+IF(AE10<0,AE10*参数!$B$13,AE10*参数!$B$12)*参数!$B$2+AQ10*参数!$B$15+AB10*参数!$B$11+AF10*参数!$B$40*参数!$B$2+AG10*参数!$B$44*参数!$B$2+AH10*参数!$B$6*参数!$B$2+AI10*参数!$B$39*参数!$B$2+AJ10*参数!$B$6*参数!$B$2+Z10*参数!$B$13-T10*参数!$B$14-AD10*参数!$B$13+IF(ISNUMBER(AU10),AU10*参数!$B$38,0)-AV10*参数!$B$41-AW10*参数!$B$14-参数!$B$17)*参数!$B$18,IF(AND(F10="能力",AL10="能力持续"),(参数!$B$2-1)*参数!$B$3,0)+M10*O10*参数!$B$5*IF(AND(F10="能力",AL10="能力持续"),参数!$B$2,1)+P10*参数!$B$6*IF(AND(F10="能力",AL10="能力持续"),参数!$B$2,1)+R10*参数!$B$7*IF(AND(F10="能力",AL10="能力持续"),参数!$B$2,1)+V10*参数!$B$8+IF(X10<0,X10*参数!$B$13,X10*参数!$B$39)+IF(AE10<0,AE10*参数!$B$13,AE10*参数!$B$12)*参数!$B$2+AQ10*参数!$B$15+AB10*参数!$B$11+AF10*参数!$B$40*参数!$B$2+AG10*参数!$B$44*参数!$B$2+AH10*参数!$B$6*参数!$B$2+AI10*参数!$B$39*参数!$B$2+AJ10*参数!$B$6*参数!$B$2+Z10*参数!$B$13-T10*参数!$B$14-AD10*参数!$B$13+IF(ISNUMBER(AU10),AU10*参数!$B$38,0)-AV10*参数!$B$41-AW10*参数!$B$14),0),0) -> 2.1 | AZ10: =AY10-MAX(AP10,0)*参数!$B$10 -> 0.9 | BA10: =IF(MAX(AP10,0)=0,AY10,AY10/MAX(AP10,0)) -> 5.25
A11: 10 | B11: ironclad_blood_wall | C11: 铁甲战士 | D11: 血墙 | E11: Blood Wall | F11: 技能 | G11: 普通 | H11: 2 | I11: 2 | J11: 失去2点生命。 获得16点格挡。 | L11: self | M11: 0 | N11: 0 | O11: 1 | P11: 16 | Q11: 19 | R11: 0 | S11: 0 | T11: 0 | U11: 0 | V11: 0 | W11: 0 | X11: 0 | Y11: 0 | Z11: 0 | AA11: 0 | AB11: 0 | AC11: 0 | AD11: 0 | AE11: 0 | AF11: 0 | AG11: 0 | AH11: 0 | AI11: 0 | AJ11: 0 | AK11: none | AP11: =IF(ISNUMBER(H11),IF(AND(H11=0,V11=0,AK11="none"),0.4,IF(AK11="exhaust",MAX(H11-V11,0.4),IF(AK11="ethereal",MAX(H11-V11,0.4),MAX(H11-V11,0.4)))),IF(AND(AK11="exhaust",OR(H11="X",H11="∞")),0.4,IF(OR(H11="X",H11="∞"),0.4,0.4))) -> 2 | AQ11: 0 | AR11: 0 | AT11: v0.110.1 sts2.info | AU11: 0 | AY11: =IFERROR(MAX(IF(IF(AND(F11="能力",AL11="能力持续"),(参数!$B$2-1)*参数!$B$3,0)+M11*O11*参数!$B$5*IF(AND(F11="能力",AL11="能力持续"),参数!$B$2,1)+P11*参数!$B$6*IF(AND(F11="能力",AL11="能力持续"),参数!$B$2,1)+R11*参数!$B$7*IF(AND(F11="能力",AL11="能力持续"),参数!$B$2,1)+V11*参数!$B$8+IF(X11<0,X11*参数!$B$13,X11*参数!$B$39)+IF(AE11<0,AE11*参数!$B$13,AE11*参数!$B$12)*参数!$B$2+AQ11*参数!$B$15+AB11*参数!$B$11+AF11*参数!$B$40*参数!$B$2+AG11*参数!$B$44*参数!$B$2+AH11*参数!$B$6*参数!$B$2+AI11*参数!$B$39*参数!$B$2+AJ11*参数!$B$6*参数!$B$2+Z11*参数!$B$13-T11*参数!$B$14-AD11*参数!$B$13+IF(ISNUMBER(AU11),AU11*参数!$B$38,0)-AV11*参数!$B$41-AW11*参数!$B$14>参数!$B$17,参数!$B$17+SQRT(IF(AND(F11="能力",AL11="能力持续"),(参数!$B$2-1)*参数!$B$3,0)+M11*O11*参数!$B$5*IF(AND(F11="能力",AL11="能力持续"),参数!$B$2,1)+P11*参数!$B$6*IF(AND(F11="能力",AL11="能力持续"),参数!$B$2,1)+R11*参数!$B$7*IF(AND(F11="能力",AL11="能力持续"),参数!$B$2,1)+V11*参数!$B$8+IF(X11<0,X11*参数!$B$13,X11*参数!$B$39)+IF(AE11<0,AE11*参数!$B$13,AE11*参数!$B$12)*参数!$B$2+AQ11*参数!$B$15+AB11*参数!$B$11+AF11*参数!$B$40*参数!$B$2+AG11*参数!$B$44*参数!$B$2+AH11*参数!$B$6*参数!$B$2+AI11*参数!$B$39*参数!$B$2+AJ11*参数!$B$6*参数!$B$2+Z11*参数!$B$13-T11*参数!$B$14-AD11*参数!$B$13+IF(ISNUMBER(AU11),AU11*参数!$B$38,0)-AV11*参数!$B$41-AW11*参数!$B$14-参数!$B$17)*参数!$B$18,IF(AND(F11="能力",AL11="能力持续"),(参数!$B$2-1)*参数!$B$3,0)+M11*O11*参数!$B$5*IF(AND(F11="能力",AL11="能力持续"),参数!$B$2,1)+P11*参数!$B$6*IF(AND(F11="能力",AL11="能力持续"),参数!$B$2,1)+R11*参数!$B$7*IF(AND(F11="能力",AL11="能力持续"),参数!$B$2,1)+V11*参数!$B$8+IF(X11<0,X11*参数!$B$13,X11*参数!$B$39)+IF(AE11<0,AE11*参数!$B$13,AE11*参数!$B$12)*参数!$B$2+AQ11*参数!$B$15+AB11*参数!$B$11+AF11*参数!$B$40*参数!$B$2+AG11*参数!$B$44*参数!$B$2+AH11*参数!$B$6*参数!$B$2+AI11*参数!$B$39*参数!$B$2+AJ11*参数!$B$6*参数!$B$2+Z11*参数!$B$13-T11*参数!$B$14-AD11*参数!$B$13+IF(ISNUMBER(AU11),AU11*参数!$B$38,0)-AV11*参数!$B$41-AW11*参数!$B$14),0),0) -> 14.135215 | AZ11: =AY11-MAX(AP11,0)*参数!$B$10 -> 8.1352146 | BA11: =IF(MAX(AP11,0)=0,AY11,AY11/MAX(AP11,0)) -> 7.0676073
A12: 11 | B12: ironclad_bloodletting | C12: 铁甲战士 | D12: 放血 | E12: Bloodletting | F12: 技能 | G12: 普通 | H12: 0 | I12: 0 | J12: 失去3点生命。 获得2点能量。 | L12: enemy_single | M12: 0 | N12: 0 | O12: 1 | P12: 0 | Q12: 0 | R12: 0 | S12: 0 | T12: 0 | U12: 0 | V12: 2 | W12: 2 | X12: 0 | Y12: 0 | Z12: 0 | AA12: 0 | AB12: 0 | AC12: 0 | AD12: 0 | AE12: 0 | AF12: 0 | AG12: 0 | AH12: 0 | AI12: 0 | AJ12: 0 | AK12: none | AP12: =IF(ISNUMBER(H12),IF(AND(H12=0,V12=0,AK12="none"),0.4,IF(AK12="exhaust",MAX(H12-V12,0.4),IF(AK12="ethereal",MAX(H12-V12,0.4),MAX(H12-V12,0.4)))),IF(AND(AK12="exhaust",OR(H12="X",H12="∞")),0.4,IF(OR(H12="X",H12="∞"),0.4,0.4))) -> 0.4 | AQ12: 0 | AR12: 0 | AT12: v0.110.1 sts2.info | AU12: 0 | AV12: 3 | AY12: =IFERROR(MAX(IF(IF(AND(F12="能力",AL12="能力持续"),(参数!$B$2-1)*参数!$B$3,0)+M12*O12*参数!$B$5*IF(AND(F12="能力",AL12="能力持续"),参数!$B$2,1)+P12*参数!$B$6*IF(AND(F12="能力",AL12="能力持续"),参数!$B$2,1)+R12*参数!$B$7*IF(AND(F12="能力",AL12="能力持续"),参数!$B$2,1)+V12*参数!$B$8+IF(X12<0,X12*参数!$B$13,X12*参数!$B$39)+IF(AE12<0,AE12*参数!$B$13,AE12*参数!$B$12)*参数!$B$2+AQ12*参数!$B$15+AB12*参数!$B$11+AF12*参数!$B$40*参数!$B$2+AG12*参数!$B$44*参数!$B$2+AH12*参数!$B$6*参数!$B$2+AI12*参数!$B$39*参数!$B$2+AJ12*参数!$B$6*参数!$B$2+Z12*参数!$B$13-T12*参数!$B$14-AD12*参数!$B$13+IF(ISNUMBER(AU12),AU12*参数!$B$38,0)-AV12*参数!$B$41-AW12*参数!$B$14>参数!$B$17,参数!$B$17+SQRT(IF(AND(F12="能力",AL12="能力持续"),(参数!$B$2-1)*参数!$B$3,0)+M12*O12*参数!$B$5*IF(AND(F12="能力",AL12="能力持续"),参数!$B$2,1)+P12*参数!$B$6*IF(AND(F12="能力",AL12="能力持续"),参数!$B$2,1)+R12*参数!$B$7*IF(AND(F12="能力",AL12="能力持续"),参数!$B$2,1)+V12*参数!$B$8+IF(X12<0,X12*参数!$B$13,X12*参数!$B$39)+IF(AE12<0,AE12*参数!$B$13,AE12*参数!$B$12)*参数!$B$2+AQ12*参数!$B$15+AB12*参数!$B$11+AF12*参数!$B$40*参数!$B$2+AG12*参数!$B$44*参数!$B$2+AH12*参数!$B$6*参数!$B$2+AI12*参数!$B$39*参数!$B$2+AJ12*参数!$B$6*参数!$B$2+Z12*参数!$B$13-T12*参数!$B$14-AD12*参数!$B$13+IF(ISNUMBER(AU12),AU12*参数!$B$38,0)-AV12*参数!$B$41-AW12*参数!$B$14-参数!$B$17)*参数!$B$18,IF(AND(F12="能力",AL12="能力持续"),(参数!$B$2-1)*参数!$B$3,0)+M12*O12*参数!$B$5*IF(AND(F12="能力",AL12="能力持续"),参数!$B$2,1)+P12*参数!$B$6*IF(AND(F12="能力",AL12="能力持续"),参数!$B$2,1)+R12*参数!$B$7*IF(AND(F12="能力",AL12="能力持续"),参数!$B$2,1)+V12*参数!$B$8+IF(X12<0,X12*参数!$B$13,X12*参数!$B$39)+IF(AE12<0,AE12*参数!$B$13,AE12*参数!$B$12)*参数!$B$2+AQ12*参数!$B$15+AB12*参数!$B$11+AF12*参数!$B$40*参数!$B$2+AG12*参数!$B$44*参数!$B$2+AH12*参数!$B$6*参数!$B$2+AI12*参数!$B$39*参数!$B$2+AJ12*参数!$B$6*参数!$B$2+Z12*参数!$B$13-T12*参数!$B$14-AD12*参数!$B$13+IF(ISNUMBER(AU12),AU12*参数!$B$38,0)-AV12*参数!$B$41-AW12*参数!$B$14),0),0) -> 0 | AZ12: =AY12-MAX(AP12,0)*参数!$B$10 -> -1.2 | BA12: =IF(MAX(AP12,0)=0,AY12,AY12/MAX(AP12,0)) -> 0
A13: 12 | B13: ironclad_bludgeon | C13: 铁甲战士 | D13: 重锤 | E13: Bludgeon | F13: 攻击 | G13: 罕见 | H13: 3 | I13: 3 | J13: 造成32点伤害。 | L13: enemy_single | M13: 32 | N13: 42 | O13: 1 | P13: 0 | Q13: 0 | R13: 0 | S13: 0 | T13: 0 | U13: 0 | V13: 0 | W13: 0 | X13: 0 | Y13: 0 | Z13: 0 | AA13: 0 | AB13: 0 | AC13: 0 | AD13: 0 | AE13: 0 | AF13: 0 | AG13: 0 | AH13: 0 | AI13: 0 | AJ13: 0 | AK13: none | AP13: =IF(ISNUMBER(H13),IF(AND(H13=0,V13=0,AK13="none"),0.4,IF(AK13="exhaust",MAX(H13-V13,0.4),IF(AK13="ethereal",MAX(H13-V13,0.4),MAX(H13-V13,0.4)))),IF(AND(AK13="exhaust",OR(H13="X",H13="∞")),0.4,IF(OR(H13="X",H13="∞"),0.4,0.4))) -> 3 | AQ13: 0 | AR13: 0 | AT13: v0.110.1 sts2.info | AU13: 0 | AY13: =IFERROR(MAX(IF(IF(AND(F13="能力",AL13="能力持续"),(参数!$B$2-1)*参数!$B$3,0)+M13*O13*参数!$B$5*IF(AND(F13="能力",AL13="能力持续"),参数!$B$2,1)+P13*参数!$B$6*IF(AND(F13="能力",AL13="能力持续"),参数!$B$2,1)+R13*参数!$B$7*IF(AND(F13="能力",AL13="能力持续"),参数!$B$2,1)+V13*参数!$B$8+IF(X13<0,X13*参数!$B$13,X13*参数!$B$39)+IF(AE13<0,AE13*参数!$B$13,AE13*参数!$B$12)*参数!$B$2+AQ13*参数!$B$15+AB13*参数!$B$11+AF13*参数!$B$40*参数!$B$2+AG13*参数!$B$44*参数!$B$2+AH13*参数!$B$6*参数!$B$2+AI13*参数!$B$39*参数!$B$2+AJ13*参数!$B$6*参数!$B$2+Z13*参数!$B$13-T13*参数!$B$14-AD13*参数!$B$13+IF(ISNUMBER(AU13),AU13*参数!$B$38,0)-AV13*参数!$B$41-AW13*参数!$B$14>参数!$B$17,参数!$B$17+SQRT(IF(AND(F13="能力",AL13="能力持续"),(参数!$B$2-1)*参数!$B$3,0)+M13*O13*参数!$B$5*IF(AND(F13="能力",AL13="能力持续"),参数!$B$2,1)+P13*参数!$B$6*IF(AND(F13="能力",AL13="能力持续"),参数!$B$2,1)+R13*参数!$B$7*IF(AND(F13="能力",AL13="能力持续"),参数!$B$2,1)+V13*参数!$B$8+IF(X13<0,X13*参数!$B$13,X13*参数!$B$39)+IF(AE13<0,AE13*参数!$B$13,AE13*参数!$B$12)*参数!$B$2+AQ13*参数!$B$15+AB13*参数!$B$11+AF13*参数!$B$40*参数!$B$2+AG13*参数!$B$44*参数!$B$2+AH13*参数!$B$6*参数!$B$2+AI13*参数!$B$39*参数!$B$2+AJ13*参数!$B$6*参数!$B$2+Z13*参数!$B$13-T13*参数!$B$14-AD13*参数!$B$13+IF(ISNUMBER(AU13),AU13*参数!$B$38,0)-AV13*参数!$B$41-AW13*参数!$B$14-参数!$B$17)*参数!$B$18,IF(AND(F13="能力",AL13="能力持续"),(参数!$B$2-1)*参数!$B$3,0)+M13*O13*参数!$B$5*IF(AND(F13="能力",AL13="能力持续"),参数!$B$2,1)+P13*参数!$B$6*IF(AND(F13="能力",AL13="能力持续"),参数!$B$2,1)+R13*参数!$B$7*IF(AND(F13="能力",AL13="能力持续"),参数!$B$2,1)+V13*参数!$B$8+IF(X13<0,X13*参数!$B$13,X13*参数!$B$39)+IF(AE13<0,AE13*参数!$B$13,AE13*参数!$B$12)*参数!$B$2+AQ13*参数!$B$15+AB13*参数!$B$11+AF13*参数!$B$40*参数!$B$2+AG13*参数!$B$44*参数!$B$2+AH13*参数!$B$6*参数!$B$2+AI13*参数!$B$39*参数!$B$2+AJ13*参数!$B$6*参数!$B$2+Z13*参数!$B$13-T13*参数!$B$14-AD13*参数!$B$13+IF(ISNUMBER(AU13),AU13*参数!$B$38,0)-AV13*参数!$B$41-AW13*参数!$B$14),0),0) -> 17.035624 | AZ13: =AY13-MAX(AP13,0)*参数!$B$10 -> 8.0356236 | BA13: =IF(MAX(AP13,0)=0,AY13,AY13/MAX(AP13,0)) -> 5.6785412
A14: 13 | B14: ironclad_body_slam | C14: 铁甲战士 | D14: 全身撞击 | E14: Body Slam | F14: 攻击 | G14: 普通 | H14: 1 | I14: 1 | J14: 造成你当前格挡值的伤害。 | L14: enemy_single | M14: 10 | N14: 0 | O14: 1 | P14: 0 | Q14: 0 | R14: 0 | S14: 0 | T14: 0 | U14: 0 | V14: 0 | W14: 0 | X14: 0 | Y14: 0 | Z14: 0 | AA14: 0 | AB14: 0 | AC14: 0 | AD14: 0 | AE14: 0 | AF14: 0 | AG14: 0 | AH14: 0 | AI14: 0 | AJ14: 0 | AK14: none | AP14: =IF(ISNUMBER(H14),IF(AND(H14=0,V14=0,AK14="none"),0.4,IF(AK14="exhaust",MAX(H14-V14,0.4),IF(AK14="ethereal",MAX(H14-V14,0.4),MAX(H14-V14,0.4)))),IF(AND(AK14="exhaust",OR(H14="X",H14="∞")),0.4,IF(OR(H14="X",H14="∞"),0.4,0.4))) -> 1 | AQ14: 0 | AR14: 0 | AT14: v0.110.1 sts2.info | AU14: 0 | AY14: =IFERROR(MAX(IF(IF(AND(F14="能力",AL14="能力持续"),(参数!$B$2-1)*参数!$B$3,0)+M14*O14*参数!$B$5*IF(AND(F14="能力",AL14="能力持续"),参数!$B$2,1)+P14*参数!$B$6*IF(AND(F14="能力",AL14="能力持续"),参数!$B$2,1)+R14*参数!$B$7*IF(AND(F14="能力",AL14="能力持续"),参数!$B$2,1)+V14*参数!$B$8+IF(X14<0,X14*参数!$B$13,X14*参数!$B$39)+IF(AE14<0,AE14*参数!$B$13,AE14*参数!$B$12)*参数!$B$2+AQ14*参数!$B$15+AB14*参数!$B$11+AF14*参数!$B$40*参数!$B$2+AG14*参数!$B$44*参数!$B$2+AH14*参数!$B$6*参数!$B$2+AI14*参数!$B$39*参数!$B$2+AJ14*参数!$B$6*参数!$B$2+Z14*参数!$B$13-T14*参数!$B$14-AD14*参数!$B$13+IF(ISNUMBER(AU14),AU14*参数!$B$38,0)-AV14*参数!$B$41-AW14*参数!$B$14>参数!$B$17,参数!$B$17+SQRT(IF(AND(F14="能力",AL14="能力持续"),(参数!$B$2-1)*参数!$B$3,0)+M14*O14*参数!$B$5*IF(AND(F14="能力",AL14="能力持续"),参数!$B$2,1)+P14*参数!$B$6*IF(AND(F14="能力",AL14="能力持续"),参数!$B$2,1)+R14*参数!$B$7*IF(AND(F14="能力",AL14="能力持续"),参数!$B$2,1)+V14*参数!$B$8+IF(X14<0,X14*参数!$B$13,X14*参数!$B$39)+IF(AE14<0,AE14*参数!$B$13,AE14*参数!$B$12)*参数!$B$2+AQ14*参数!$B$15+AB14*参数!$B$11+AF14*参数!$B$40*参数!$B$2+AG14*参数!$B$44*参数!$B$2+AH14*参数!$B$6*参数!$B$2+AI14*参数!$B$39*参数!$B$2+AJ14*参数!$B$6*参数!$B$2+Z14*参数!$B$13-T14*参数!$B$14-AD14*参数!$B$13+IF(ISNUMBER(AU14),AU14*参数!$B$38,0)-AV14*参数!$B$41-AW14*参数!$B$14-参数!$B$17)*参数!$B$18,IF(AND(F14="能力",AL14="能力持续"),(参数!$B$2-1)*参数!$B$3,0)+M14*O14*参数!$B$5*IF(AND(F14="能力",AL14="能力持续"),参数!$B$2,1)+P14*参数!$B$6*IF(AND(F14="能力",AL14="能力持续"),参数!$B$2,1)+R14*参数!$B$7*IF(AND(F14="能力",AL14="能力持续"),参数!$B$2,1)+V14*参数!$B$8+IF(X14<0,X14*参数!$B$13,X14*参数!$B$39)+IF(AE14<0,AE14*参数!$B$13,AE14*参数!$B$12)*参数!$B$2+AQ14*参数!$B$15+AB14*参数!$B$11+AF14*参数!$B$40*参数!$B$2+AG14*参数!$B$44*参数!$B$2+AH14*参数!$B$6*参数!$B$2+AI14*参数!$B$39*参数!$B$2+AJ14*参数!$B$6*参数!$B$2+Z14*参数!$B$13-T14*参数!$B$14-AD14*参数!$B$13+IF(ISNUMBER(AU14),AU14*参数!$B$38,0)-AV14*参数!$B$41-AW14*参数!$B$14),0),0) -> 10 | AZ14: =AY14-MAX(AP14,0)*参数!$B$10 -> 7 | BA14: =IF(MAX(AP14,0)=0,AY14,AY14/MAX(AP14,0)) -> 10
A15: 14 | B15: ironclad_brand | C15: 铁甲战士 | D15: 烙印 | E15: Brand | F15: 技能 | G15: 稀有 | H15: 0 | I15: 0 | J15: 失去1点生命。 消耗1张牌。 获得1点力量。 | K15: 含消耗其他牌效果 | L15: enemy_single | M15: 0 | N15: 0 | O15: 1 | P15: 0 | Q15: 0 | R15: 0 | S15: 0 | T15: 0 | U15: 0 | V15: 0 | W15: 0 | X15: 0 | Y15: 0 | Z15: 0 | AA15: 0 | AB15: 0 | AC15: 0 | AD15: 1 | AE15: 1 | AF15: 0 | AG15: 0 | AH15: 0 | AI15: 0 | AJ15: 0 | AK15: none | AO15: 含消耗其他牌效果 | AP15: =IF(ISNUMBER(H15),IF(AND(H15=0,V15=0,AK15="none"),0.4,IF(AK15="exhaust",MAX(H15-V15,0.4),IF(AK15="ethereal",MAX(H15-V15,0.4),MAX(H15-V15,0.4)))),IF(AND(AK15="exhaust",OR(H15="X",H15="∞")),0.4,IF(OR(H15="X",H15="∞"),0.4,0.4))) -> 0.4 | AQ15: 0 | AR15: 0 | AT15: v0.110.1 sts2.info | AU15: 0 | AY15: =IFERROR(MAX(IF(IF(AND(F15="能力",AL15="能力持续"),(参数!$B$2-1)*参数!$B$3,0)+M15*O15*参数!$B$5*IF(AND(F15="能力",AL15="能力持续"),参数!$B$2,1)+P15*参数!$B$6*IF(AND(F15="能力",AL15="能力持续"),参数!$B$2,1)+R15*参数!$B$7*IF(AND(F15="能力",AL15="能力持续"),参数!$B$2,1)+V15*参数!$B$8+IF(X15<0,X15*参数!$B$13,X15*参数!$B$39)+IF(AE15<0,AE15*参数!$B$13,AE15*参数!$B$12)*参数!$B$2+AQ15*参数!$B$15+AB15*参数!$B$11+AF15*参数!$B$40*参数!$B$2+AG15*参数!$B$44*参数!$B$2+AH15*参数!$B$6*参数!$B$2+AI15*参数!$B$39*参数!$B$2+AJ15*参数!$B$6*参数!$B$2+Z15*参数!$B$13-T15*参数!$B$14-AD15*参数!$B$13+IF(ISNUMBER(AU15),AU15*参数!$B$38,0)-AV15*参数!$B$41-AW15*参数!$B$14>参数!$B$17,参数!$B$17+SQRT(IF(AND(F15="能力",AL15="能力持续"),(参数!$B$2-1)*参数!$B$3,0)+M15*O15*参数!$B$5*IF(AND(F15="能力",AL15="能力持续"),参数!$B$2,1)+P15*参数!$B$6*IF(AND(F15="能力",AL15="能力持续"),参数!$B$2,1)+R15*参数!$B$7*IF(AND(F15="能力",AL15="能力持续"),参数!$B$2,1)+V15*参数!$B$8+IF(X15<0,X15*参数!$B$13,X15*参数!$B$39)+IF(AE15<0,AE15*参数!$B$13,AE15*参数!$B$12)*参数!$B$2+AQ15*参数!$B$15+AB15*参数!$B$11+AF15*参数!$B$40*参数!$B$2+AG15*参数!$B$44*参数!$B$2+AH15*参数!$B$6*参数!$B$2+AI15*参数!$B$39*参数!$B$2+AJ15*参数!$B$6*参数!$B$2+Z15*参数!$B$13-T15*参数!$B$14-AD15*参数!$B$13+IF(ISNUMBER(AU15),AU15*参数!$B$38,0)-AV15*参数!$B$41-AW15*参数!$B$14-参数!$B$17)*参数!$B$18,IF(AND(F15="能力",AL15="能力持续"),(参数!$B$2-1)*参数!$B$3,0)+M15*O15*参数!$B$5*IF(AND(F15="能力",AL15="能力持续"),参数!$B$2,1)+P15*参数!$B$6*IF(AND(F15="能力",AL15="能力持续"),参数!$B$2,1)+R15*参数!$B$7*IF(AND(F15="能力",AL15="能力持续"),参数!$B$2,1)+V15*参数!$B$8+IF(X15<0,X15*参数!$B$13,X15*参数!$B$39)+IF(AE15<0,AE15*参数!$B$13,AE15*参数!$B$12)*参数!$B$2+AQ15*参数!$B$15+AB15*参数!$B$11+AF15*参数!$B$40*参数!$B$2+AG15*参数!$B$44*参数!$B$2+AH15*参数!$B$6*参数!$B$2+AI15*参数!$B$39*参数!$B$2+AJ15*参数!$B$6*参数!$B$2+Z15*参数!$B$13-T15*参数!$B$14-AD15*参数!$B$13+IF(ISNUMBER(AU15),AU15*参数!$B$38,0)-AV15*参数!$B$41-AW15*参数!$B$14),0),0) -> 3.3 | AZ15: =AY15-MAX(AP15,0)*参数!$B$10 -> 2.1 | BA15: =IF(MAX(AP15,0)=0,AY15,AY15/MAX(AP15,0)) -> 8.25
A16: 15 | B16: ironclad_break | C16: 铁甲战士 | D16: 破击 | E16: Break | F16: 攻击 | G16: 远古 | H16: 2 | I16: 2 | J16: 造成20点伤害。 给予5层易伤。 | L16: enemy_single | M16: 20 | N16: 24 | O16: 1 | P16: 0 | Q16: 0 | R16: 0 | S16: 0 | T16: 0 | U16: 0 | V16: 0 | W16: 0 | X16: 0 | Y16: 0 | Z16: 0 | AA16: 5 | AB16: 5 | AC16: 6 | AD16: 0 | AE16: 0 | AF16: 0 | AG16: 0 | AH16: 0 | AI16: 0 | AJ16: 0 | AK16: none | AP16: =IF(ISNUMBER(H16),IF(AND(H16=0,V16=0,AK16="none"),0.4,IF(AK16="exhaust",MAX(H16-V16,0.4),IF(AK16="ethereal",MAX(H16-V16,0.4),MAX(H16-V16,0.4)))),IF(AND(AK16="exhaust",OR(H16="X",H16="∞")),0.4,IF(OR(H16="X",H16="∞"),0.4,0.4))) -> 2 | AQ16: 0 | AR16: 0 | AT16: v0.110.1 sts2.info | AU16: 0 | AY16: =IFERROR(MAX(IF(IF(AND(F16="能力",AL16="能力持续"),(参数!$B$2-1)*参数!$B$3,0)+M16*O16*参数!$B$5*IF(AND(F16="能力",AL16="能力持续"),参数!$B$2,1)+P16*参数!$B$6*IF(AND(F16="能力",AL16="能力持续"),参数!$B$2,1)+R16*参数!$B$7*IF(AND(F16="能力",AL16="能力持续"),参数!$B$2,1)+V16*参数!$B$8+IF(X16<0,X16*参数!$B$13,X16*参数!$B$39)+IF(AE16<0,AE16*参数!$B$13,AE16*参数!$B$12)*参数!$B$2+AQ16*参数!$B$15+AB16*参数!$B$11+AF16*参数!$B$40*参数!$B$2+AG16*参数!$B$44*参数!$B$2+AH16*参数!$B$6*参数!$B$2+AI16*参数!$B$39*参数!$B$2+AJ16*参数!$B$6*参数!$B$2+Z16*参数!$B$13-T16*参数!$B$14-AD16*参数!$B$13+IF(ISNUMBER(AU16),AU16*参数!$B$38,0)-AV16*参数!$B$41-AW16*参数!$B$14>参数!$B$17,参数!$B$17+SQRT(IF(AND(F16="能力",AL16="能力持续"),(参数!$B$2-1)*参数!$B$3,0)+M16*O16*参数!$B$5*IF(AND(F16="能力",AL16="能力持续"),参数!$B$2,1)+P16*参数!$B$6*IF(AND(F16="能力",AL16="能力持续"),参数!$B$2,1)+R16*参数!$B$7*IF(AND(F16="能力",AL16="能力持续"),参数!$B$2,1)+V16*参数!$B$8+IF(X16<0,X16*参数!$B$13,X16*参数!$B$39)+IF(AE16<0,AE16*参数!$B$13,AE16*参数!$B$12)*参数!$B$2+AQ16*参数!$B$15+AB16*参数!$B$11+AF16*参数!$B$40*参数!$B$2+AG16*参数!$B$44*参数!$B$2+AH16*参数!$B$6*参数!$B$2+AI16*参数!$B$39*参数!$B$2+AJ16*参数!$B$6*参数!$B$2+Z16*参数!$B$13-T16*参数!$B$14-AD16*参数!$B$13+IF(ISNUMBER(AU16),AU16*参数!$B$38,0)-AV16*参数!$B$41-AW16*参数!$B$14-参数!$B$17)*参数!$B$18,IF(AND(F16="能力",AL16="能力持续"),(参数!$B$2-1)*参数!$B$3,0)+M16*O16*参数!$B$5*IF(AND(F16="能力",AL16="能力持续"),参数!$B$2,1)+P16*参数!$B$6*IF(AND(F16="能力",AL16="能力持续"),参数!$B$2,1)+R16*参数!$B$7*IF(AND(F16="能力",AL16="能力持续"),参数!$B$2,1)+V16*参数!$B$8+IF(X16<0,X16*参数!$B$13,X16*参数!$B$39)+IF(AE16<0,AE16*参数!$B$13,AE16*参数!$B$12)*参数!$B$2+AQ16*参数!$B$15+AB16*参数!$B$11+AF16*参数!$B$40*参数!$B$2+AG16*参数!$B$44*参数!$B$2+AH16*参数!$B$6*参数!$B$2+AI16*参数!$B$39*参数!$B$2+AJ16*参数!$B$6*参数!$B$2+Z16*参数!$B$13-T16*参数!$B$14-AD16*参数!$B$13+IF(ISNUMBER(AU16),AU16*参数!$B$38,0)-AV16*参数!$B$41-AW16*参数!$B$14),0),0) -> 16.093029 | AZ16: =AY16-MAX(AP16,0)*参数!$B$10 -> 10.093029 | BA16: =IF(MAX(AP16,0)=0,AY16,AY16/MAX(AP16,0)) -> 8.0465144
A17: 16 | B17: ironclad_breakthrough | C17: 铁甲战士 | D17: 突破 | E17: Breakthrough | F17: 攻击 | G17: 普通 | H17: 1 | I17: 1 | J17: 失去1点生命。 对所有敌人造成9点伤害。 | L17: enemy_all | M17: 9 | N17: 13 | O17: 1 | P17: 0 | Q17: 0 | R17: 0 | S17: 0 | T17: 0 | U17: 0 | V17: 0 | W17: 0 | X17: 0 | Y17: 0 | Z17: 0 | AA17: 0 | AB17: 0 | AC17: 0 | AD17: 0 | AE17: 0 | AF17: 0 | AG17: 0 | AH17: 0 | AI17: 0 | AJ17: 0 | AK17: none | AN17: 群体攻击 | AP17: =IF(ISNUMBER(H17),IF(AND(H17=0,V17=0,AK17="none"),0.4,IF(AK17="exhaust",MAX(H17-V17,0.4),IF(AK17="ethereal",MAX(H17-V17,0.4),MAX(H17-V17,0.4)))),IF(AND(AK17="exhaust",OR(H17="X",H17="∞")),0.4,IF(OR(H17="X",H17="∞"),0.4,0.4))) -> 1 | AQ17: 0 | AR17: 0 | AT17: v0.110.1 sts2.info | AU17: 0 | AY17: =IFERROR(MAX(IF(IF(AND(F17="能力",AL17="能力持续"),(参数!$B$2-1)*参数!$B$3,0)+M17*O17*参数!$B$5*IF(AND(F17="能力",AL17="能力持续"),参数!$B$2,1)+P17*参数!$B$6*IF(AND(F17="能力",AL17="能力持续"),参数!$B$2,1)+R17*参数!$B$7*IF(AND(F17="能力",AL17="能力持续"),参数!$B$2,1)+V17*参数!$B$8+IF(X17<0,X17*参数!$B$13,X17*参数!$B$39)+IF(AE17<0,AE17*参数!$B$13,AE17*参数!$B$12)*参数!$B$2+AQ17*参数!$B$15+AB17*参数!$B$11+AF17*参数!$B$40*参数!$B$2+AG17*参数!$B$44*参数!$B$2+AH17*参数!$B$6*参数!$B$2+AI17*参数!$B$39*参数!$B$2+AJ17*参数!$B$6*参数!$B$2+Z17*参数!$B$13-T17*参数!$B$14-AD17*参数!$B$13+IF(ISNUMBER(AU17),AU17*参数!$B$38,0)-AV17*参数!$B$41-AW17*参数!$B$14>参数!$B$17,参数!$B$17+SQRT(IF(AND(F17="能力",AL17="能力持续"),(参数!$B$2-1)*参数!$B$3,0)+M17*O17*参数!$B$5*IF(AND(F17="能力",AL17="能力持续"),参数!$B$2,1)+P17*参数!$B$6*IF(AND(F17="能力",AL17="能力持续"),参数!$B$2,1)+R17*参数!$B$7*IF(AND(F17="能力",AL17="能力持续"),参数!$B$2,1)+V17*参数!$B$8+IF(X17<0,X17*参数!$B$13,X17*参数!$B$39)+IF(AE17<0,AE17*参数!$B$13,AE17*参数!$B$12)*参数!$B$2+AQ17*参数!$B$15+AB17*参数!$B$11+AF17*参数!$B$40*参数!$B$2+AG17*参数!$B$44*参数!$B$2+AH17*参数!$B$6*参数!$B$2+AI17*参数!$B$39*参数!$B$2+AJ17*参数!$B$6*参数!$B$2+Z17*参数!$B$13-T17*参数!$B$14-AD17*参数!$B$13+IF(ISNUMBER(AU17),AU17*参数!$B$38,0)-AV17*参数!$B$41-AW17*参数!$B$14-参数!$B$17)*参数!$B$18,IF(AND(F17="能力",AL17="能力持续"),(参数!$B$2-1)*参数!$B$3,0)+M17*O17*参数!$B$5*IF(AND(F17="能力",AL17="能力持续"),参数!$B$2,1)+P17*参数!$B$6*IF(AND(F17="能力",AL17="能力持续"),参数!$B$2,1)+R17*参数!$B$7*IF(AND(F17="能力",AL17="能力持续"),参数!$B$2,1)+V17*参数!$B$8+IF(X17<0,X17*参数!$B$13,X17*参数!$B$39)+IF(AE17<0,AE17*参数!$B$13,AE17*参数!$B$12)*参数!$B$2+AQ17*参数!$B$15+AB17*参数!$B$11+AF17*参数!$B$40*参数!$B$2+AG17*参数!$B$44*参数!$B$2+AH17*参数!$B$6*参数!$B$2+AI17*参数!$B$39*参数!$B$2+AJ17*参数!$B$6*参数!$B$2+Z17*参数!$B$13-T17*参数!$B$14-AD17*参数!$B$13+IF(ISNUMBER(AU17),AU17*参数!$B$38,0)-AV17*参数!$B$41-AW17*参数!$B$14),0),0) -> 9 | AZ17: =AY17-MAX(AP17,0)*参数!$B$10 -> 6 | BA17: =IF(MAX(AP17,0)=0,AY17,AY17/MAX(AP17,0)) -> 9
A18: 17 | B18: ironclad_bully | C18: 铁甲战士 | D18: 欺凌 | E18: Bully | F18: 攻击 | G18: 罕见 | H18: 0 | I18: 0 | J18: 造成4点伤害。 该敌人身上每有一层易伤就额外造成2点伤害。 | L18: enemy_single | M18: 6 | N18: 8 | O18: 1 | P18: 0 | Q18: 0 | R18: 0 | S18: 0 | T18: 0 | U18: 0 | V18: 0 | W18: 0 | X18: 0 | Y18: 0 | Z18: 0 | AA18: 0 | AB18: 0 | AC18: 0 | AD18: 0 | AE18: 0 | AF18: 0 | AG18: 0 | AH18: 0 | AI18: 0 | AJ18: 0 | AK18: none | AP18: =IF(ISNUMBER(H18),IF(AND(H18=0,V18=0,AK18="none"),0.4,IF(AK18="exhaust",MAX(H18-V18,0.4),IF(AK18="ethereal",MAX(H18-V18,0.4),MAX(H18-V18,0.4)))),IF(AND(AK18="exhaust",OR(H18="X",H18="∞")),0.4,IF(OR(H18="X",H18="∞"),0.4,0.4))) -> 0.4 | AQ18: 0 | AR18: 0 | AT18: v0.110.1 sts2.info | AU18: 0 | AY18: =IFERROR(MAX(IF(IF(AND(F18="能力",AL18="能力持续"),(参数!$B$2-1)*参数!$B$3,0)+M18*O18*参数!$B$5*IF(AND(F18="能力",AL18="能力持续"),参数!$B$2,1)+P18*参数!$B$6*IF(AND(F18="能力",AL18="能力持续"),参数!$B$2,1)+R18*参数!$B$7*IF(AND(F18="能力",AL18="能力持续"),参数!$B$2,1)+V18*参数!$B$8+IF(X18<0,X18*参数!$B$13,X18*参数!$B$39)+IF(AE18<0,AE18*参数!$B$13,AE18*参数!$B$12)*参数!$B$2+AQ18*参数!$B$15+AB18*参数!$B$11+AF18*参数!$B$40*参数!$B$2+AG18*参数!$B$44*参数!$B$2+AH18*参数!$B$6*参数!$B$2+AI18*参数!$B$39*参数!$B$2+AJ18*参数!$B$6*参数!$B$2+Z18*参数!$B$13-T18*参数!$B$14-AD18*参数!$B$13+IF(ISNUMBER(AU18),AU18*参数!$B$38,0)-AV18*参数!$B$41-AW18*参数!$B$14>参数!$B$17,参数!$B$17+SQRT(IF(AND(F18="能力",AL18="能力持续"),(参数!$B$2-1)*参数!$B$3,0)+M18*O18*参数!$B$5*IF(AND(F18="能力",AL18="能力持续"),参数!$B$2,1)+P18*参数!$B$6*IF(AND(F18="能力",AL18="能力持续"),参数!$B$2,1)+R18*参数!$B$7*IF(AND(F18="能力",AL18="能力持续"),参数!$B$2,1)+V18*参数!$B$8+IF(X18<0,X18*参数!$B$13,X18*参数!$B$39)+IF(AE18<0,AE18*参数!$B$13,AE18*参数!$B$12)*参数!$B$2+AQ18*参数!$B$15+AB18*参数!$B$11+AF18*参数!$B$40*参数!$B$2+AG18*参数!$B$44*参数!$B$2+AH18*参数!$B$6*参数!$B$2+AI18*参数!$B$39*参数!$B$2+AJ18*参数!$B$6*参数!$B$2+Z18*参数!$B$13-T18*参数!$B$14-AD18*参数!$B$13+IF(ISNUMBER(AU18),AU18*参数!$B$38,0)-AV18*参数!$B$41-AW18*参数!$B$14-参数!$B$17)*参数!$B$18,IF(AND(F18="能力",AL18="能力持续"),(参数!$B$2-1)*参数!$B$3,0)+M18*O18*参数!$B$5*IF(AND(F18="能力",AL18="能力持续"),参数!$B$2,1)+P18*参数!$B$6*IF(AND(F18="能力",AL18="能力持续"),参数!$B$2,1)+R18*参数!$B$7*IF(AND(F18="能力",AL18="能力持续"),参数!$B$2,1)+V18*参数!$B$8+IF(X18<0,X18*参数!$B$13,X18*参数!$B$39)+IF(AE18<0,AE18*参数!$B$13,AE18*参数!$B$12)*参数!$B$2+AQ18*参数!$B$15+AB18*参数!$B$11+AF18*参数!$B$40*参数!$B$2+AG18*参数!$B$44*参数!$B$2+AH18*参数!$B$6*参数!$B$2+AI18*参数!$B$39*参数!$B$2+AJ18*参数!$B$6*参数!$B$2+Z18*参数!$B$13-T18*参数!$B$14-AD18*参数!$B$13+IF(ISNUMBER(AU18),AU18*参数!$B$38,0)-AV18*参数!$B$41-AW18*参数!$B$14),0),0) -> 6 | AZ18: =AY18-MAX(AP18,0)*参数!$B$10 -> 4.8 | BA18: =IF(MAX(AP18,0)=0,AY18,AY18/MAX(AP18,0)) -> 15
A19: 18 | B19: ironclad_burning_pact | C19: 铁甲战士 | D19: 燃烧契约 | E19: Burning Pact | F19: 技能 | G19: 罕见 | H19: 1 | I19: 1 | J19: 消耗1张牌。 抽2张牌。 | K19: 含消耗其他牌效果 | L19: enemy_single | M19: 0 | N19: 0 | O19: 1 | P19: 0 | Q19: 0 | R19: 2 | S19: 3 | T19: 0 | U19: 0 | V19: 0 | W19: 0 | X19: 0 | Y19: 0 | Z19: 0 | AA19: 0 | AB19: 0 | AC19: 0 | AD19: 1 | AE19: 0 | AF19: 0 | AG19: 0 | AH19: 0 | AI19: 0 | AJ19: 0 | AK19: none | AO19: 含消耗其他牌效果 | AP19: =IF(ISNUMBER(H19),IF(AND(H19=0,V19=0,AK19="none"),0.4,IF(AK19="exhaust",MAX(H19-V19,0.4),IF(AK19="ethereal",MAX(H19-V19,0.4),MAX(H19-V19,0.4)))),IF(AND(AK19="exhaust",OR(H19="X",H19="∞")),0.4,IF(OR(H19="X",H19="∞"),0.4,0.4))) -> 1 | AQ19: 0 | AR19: 0 | AT19: v0.110.1 sts2.info | AU19: 0 | AW19: 1 | AY19: =IFERROR(MAX(IF(IF(AND(F19="能力",AL19="能力持续"),(参数!$B$2-1)*参数!$B$3,0)+M19*O19*参数!$B$5*IF(AND(F19="能力",AL19="能力持续"),参数!$B$2,1)+P19*参数!$B$6*IF(AND(F19="能力",AL19="能力持续"),参数!$B$2,1)+R19*参数!$B$7*IF(AND(F19="能力",AL19="能力持续"),参数!$B$2,1)+V19*参数!$B$8+IF(X19<0,X19*参数!$B$13,X19*参数!$B$39)+IF(AE19<0,AE19*参数!$B$13,AE19*参数!$B$12)*参数!$B$2+AQ19*参数!$B$15+AB19*参数!$B$11+AF19*参数!$B$40*参数!$B$2+AG19*参数!$B$44*参数!$B$2+AH19*参数!$B$6*参数!$B$2+AI19*参数!$B$39*参数!$B$2+AJ19*参数!$B$6*参数!$B$2+Z19*参数!$B$13-T19*参数!$B$14-AD19*参数!$B$13+IF(ISNUMBER(AU19),AU19*参数!$B$38,0)-AV19*参数!$B$41-AW19*参数!$B$14>参数!$B$17,参数!$B$17+SQRT(IF(AND(F19="能力",AL19="能力持续"),(参数!$B$2-1)*参数!$B$3,0)+M19*O19*参数!$B$5*IF(AND(F19="能力",AL19="能力持续"),参数!$B$2,1)+P19*参数!$B$6*IF(AND(F19="能力",AL19="能力持续"),参数!$B$2,1)+R19*参数!$B$7*IF(AND(F19="能力",AL19="能力持续"),参数!$B$2,1)+V19*参数!$B$8+IF(X19<0,X19*参数!$B$13,X19*参数!$B$39)+IF(AE19<0,AE19*参数!$B$13,AE19*参数!$B$12)*参数!$B$2+AQ19*参数!$B$15+AB19*参数!$B$11+AF19*参数!$B$40*参数!$B$2+AG19*参数!$B$44*参数!$B$2+AH19*参数!$B$6*参数!$B$2+AI19*参数!$B$39*参数!$B$2+AJ19*参数!$B$6*参数!$B$2+Z19*参数!$B$13-T19*参数!$B$14-AD19*参数!$B$13+IF(ISNUMBER(AU19),AU19*参数!$B$38,0)-AV19*参数!$B$41-AW19*参数!$B$14-参数!$B$17)*参数!$B$18,IF(AND(F19="能力",AL19="能力持续"),(参数!$B$2-1)*参数!$B$3,0)+M19*O19*参数!$B$5*IF(AND(F19="能力",AL19="能力持续"),参数!$B$2,1)+P19*参数!$B$6*IF(AND(F19="能力",AL19="能力持续"),参数!$B$2,1)+R19*参数!$B$7*IF(AND(F19="能力",AL19="能力持续"),参数!$B$2,1)+V19*参数!$B$8+IF(X19<0,X19*参数!$B$13,X19*参数!$B$39)+IF(AE19<0,AE19*参数!$B$13,AE19*参数!$B$12)*参数!$B$2+AQ19*参数!$B$15+AB19*参数!$B$11+AF19*参数!$B$40*参数!$B$2+AG19*参数!$B$44*参数!$B$2+AH19*参数!$B$6*参数!$B$2+AI19*参数!$B$39*参数!$B$2+AJ19*参数!$B$6*参数!$B$2+Z19*参数!$B$13-T19*参数!$B$14-AD19*参数!$B$13+IF(ISNUMBER(AU19),AU19*参数!$B$38,0)-AV19*参数!$B$41-AW19*参数!$B$14),0),0) -> 0 | AZ19: =AY19-MAX(AP19,0)*参数!$B$10 -> -3 | BA19: =IF(MAX(AP19,0)=0,AY19,AY19/MAX(AP19,0)) -> 0
A20: 19 | B20: ironclad_cascade | C20: 铁甲战士 | D20: 倾泻 | E20: Cascade | F20: 技能 | G20: 稀有 | H20: X | I20: X | J20: 打出你抽牌堆顶部的X张牌。 | L20: enemy_single | M20: 0 | N20: 0 | O20: 1 | P20: 0 | Q20: 0 | R20: 0 | S20: 0 | T20: 0 | U20: 0 | V20: 0 | W20: 0 | X20: 0 | Y20: 0 | Z20: 0 | AA20: 0 | AB20: 0 | AC20: 0 | AD20: 0 | AE20: 0 | AF20: 0 | AG20: 0 | AH20: 0 | AI20: 0 | AJ20: 0 | AK20: none | AP20: =IF(ISNUMBER(H20),IF(AND(H20=0,V20=0,AK20="none"),0.4,IF(AK20="exhaust",MAX(H20-V20,0.4),IF(AK20="ethereal",MAX(H20-V20,0.4),MAX(H20-V20,0.4)))),IF(AND(AK20="exhaust",OR(H20="X",H20="∞")),0.4,IF(OR(H20="X",H20="∞"),0.4,0.4))) -> 0.4 | AQ20: =参数!$B$26*参数!$B$48 -> 28 | AR20: 0 | AT20: v0.110.1 sts2.info | AU20: 0 | AY20: =IFERROR(MAX(IF(IF(AND(F20="能力",AL20="能力持续"),(参数!$B$2-1)*参数!$B$3,0)+M20*O20*参数!$B$5*IF(AND(F20="能力",AL20="能力持续"),参数!$B$2,1)+P20*参数!$B$6*IF(AND(F20="能力",AL20="能力持续"),参数!$B$2,1)+R20*参数!$B$7*IF(AND(F20="能力",AL20="能力持续"),参数!$B$2,1)+V20*参数!$B$8+IF(X20<0,X20*参数!$B$13,X20*参数!$B$39)+IF(AE20<0,AE20*参数!$B$13,AE20*参数!$B$12)*参数!$B$2+AQ20*参数!$B$15+AB20*参数!$B$11+AF20*参数!$B$40*参数!$B$2+AG20*参数!$B$44*参数!$B$2+AH20*参数!$B$6*参数!$B$2+AI20*参数!$B$39*参数!$B$2+AJ20*参数!$B$6*参数!$B$2+Z20*参数!$B$13-T20*参数!$B$14-AD20*参数!$B$13+IF(ISNUMBER(AU20),AU20*参数!$B$38,0)-AV20*参数!$B$41-AW20*参数!$B$14>参数!$B$17,参数!$B$17+SQRT(IF(AND(F20="能力",AL20="能力持续"),(参数!$B$2-1)*参数!$B$3,0)+M20*O20*参数!$B$5*IF(AND(F20="能力",AL20="能力持续"),参数!$B$2,1)+P20*参数!$B$6*IF(AND(F20="能力",AL20="能力持续"),参数!$B$2,1)+R20*参数!$B$7*IF(AND(F20="能力",AL20="能力持续"),参数!$B$2,1)+V20*参数!$B$8+IF(X20<0,X20*参数!$B$13,X20*参数!$B$39)+IF(AE20<0,AE20*参数!$B$13,AE20*参数!$B$12)*参数!$B$2+AQ20*参数!$B$15+AB20*参数!$B$11+AF20*参数!$B$40*参数!$B$2+AG20*参数!$B$44*参数!$B$2+AH20*参数!$B$6*参数!$B$2+AI20*参数!$B$39*参数!$B$2+AJ20*参数!$B$6*参数!$B$2+Z20*参数!$B$13-T20*参数!$B$14-AD20*参数!$B$13+IF(ISNUMBER(AU20),AU20*参数!$B$38,0)-AV20*参数!$B$41-AW20*参数!$B$14-参数!$B$17)*参数!$B$18,IF(AND(F20="能力",AL20="能力持续"),(参数!$B$2-1)*参数!$B$3,0)+M20*O20*参数!$B$5*IF(AND(F20="能力",AL20="能力持续"),参数!$B$2,1)+P20*参数!$B$6*IF(AND(F20="能力",AL20="能力持续"),参数!$B$2,1)+R20*参数!$B$7*IF(AND(F20="能力",AL20="能力持续"),参数!$B$2,1)+V20*参数!$B$8+IF(X20<0,X20*参数!$B$13,X20*参数!$B$39)+IF(AE20<0,AE20*参数!$B$13,AE20*参数!$B$12)*参数!$B$2+AQ20*参数!$B$15+AB20*参数!$B$11+AF20*参数!$B$40*参数!$B$2+AG20*参数!$B$44*参数!$B$2+AH20*参数!$B$6*参数!$B$2+AI20*参数!$B$39*参数!$B$2+AJ20*参数!$B$6*参数!$B$2+Z20*参数!$B$13-T20*参数!$B$14-AD20*参数!$B$13+IF(ISNUMBER(AU20),AU20*参数!$B$38,0)-AV20*参数!$B$41-AW20*参数!$B$14),0),0) -> 22.903488 | AZ20: =AY20-MAX(AP20,0)*参数!$B$10 -> 21.703488 | BA20: =IF(MAX(AP20,0)=0,AY20,AY20/MAX(AP20,0)) -> 57.25872
A21: 20 | B21: ironclad_cinder | C21: 铁甲战士 | D21: 余烬 | E21: Cinder | F21: 攻击 | G21: 普通 | H21: 2 | I21: 2 | J21: 造成18点伤害。 随机消耗1张牌。 | K21: 含消耗其他牌效果 | L21: enemy_single | M21: 18 | N21: 24 | O21: 1 | P21: 0 | Q21: 0 | R21: 0 | S21: 0 | T21: 0 | U21: 0 | V21: 0 | W21: 0 | X21: 0 | Y21: 0 | Z21: 0 | AA21: 0 | AB21: 0 | AC21: 0 | AD21: 0 | AE21: 0 | AF21: 0 | AG21: 0 | AH21: 0 | AI21: 0 | AJ21: 0 | AK21: none | AO21: 含消耗其他牌效果 | AP21: =IF(ISNUMBER(H21),IF(AND(H21=0,V21=0,AK21="none"),0.4,IF(AK21="exhaust",MAX(H21-V21,0.4),IF(AK21="ethereal",MAX(H21-V21,0.4),MAX(H21-V21,0.4)))),IF(AND(AK21="exhaust",OR(H21="X",H21="∞")),0.4,IF(OR(H21="X",H21="∞"),0.4,0.4))) -> 2 | AQ21: 0 | AR21: 0 | AT21: v0.110.1 sts2.info | AU21: 0 | AY21: =IFERROR(MAX(IF(IF(AND(F21="能力",AL21="能力持续"),(参数!$B$2-1)*参数!$B$3,0)+M21*O21*参数!$B$5*IF(AND(F21="能力",AL21="能力持续"),参数!$B$2,1)+P21*参数!$B$6*IF(AND(F21="能力",AL21="能力持续"),参数!$B$2,1)+R21*参数!$B$7*IF(AND(F21="能力",AL21="能力持续"),参数!$B$2,1)+V21*参数!$B$8+IF(X21<0,X21*参数!$B$13,X21*参数!$B$39)+IF(AE21<0,AE21*参数!$B$13,AE21*参数!$B$12)*参数!$B$2+AQ21*参数!$B$15+AB21*参数!$B$11+AF21*参数!$B$40*参数!$B$2+AG21*参数!$B$44*参数!$B$2+AH21*参数!$B$6*参数!$B$2+AI21*参数!$B$39*参数!$B$2+AJ21*参数!$B$6*参数!$B$2+Z21*参数!$B$13-T21*参数!$B$14-AD21*参数!$B$13+IF(ISNUMBER(AU21),AU21*参数!$B$38,0)-AV21*参数!$B$41-AW21*参数!$B$14>参数!$B$17,参数!$B$17+SQRT(IF(AND(F21="能力",AL21="能力持续"),(参数!$B$2-1)*参数!$B$3,0)+M21*O21*参数!$B$5*IF(AND(F21="能力",AL21="能力持续"),参数!$B$2,1)+P21*参数!$B$6*IF(AND(F21="能力",AL21="能力持续"),参数!$B$2,1)+R21*参数!$B$7*IF(AND(F21="能力",AL21="能力持续"),参数!$B$2,1)+V21*参数!$B$8+IF(X21<0,X21*参数!$B$13,X21*参数!$B$39)+IF(AE21<0,AE21*参数!$B$13,AE21*参数!$B$12)*参数!$B$2+AQ21*参数!$B$15+AB21*参数!$B$11+AF21*参数!$B$40*参数!$B$2+AG21*参数!$B$44*参数!$B$2+AH21*参数!$B$6*参数!$B$2+AI21*参数!$B$39*参数!$B$2+AJ21*参数!$B$6*参数!$B$2+Z21*参数!$B$13-T21*参数!$B$14-AD21*参数!$B$13+IF(ISNUMBER(AU21),AU21*参数!$B$38,0)-AV21*参数!$B$41-AW21*参数!$B$14-参数!$B$17)*参数!$B$18,IF(AND(F21="能力",AL21="能力持续"),(参数!$B$2-1)*参数!$B$3,0)+M21*O21*参数!$B$5*IF(AND(F21="能力",AL21="能力持续"),参数!$B$2,1)+P21*参数!$B$6*IF(AND(F21="能力",AL21="能力持续"),参数!$B$2,1)+R21*参数!$B$7*IF(AND(F21="能力",AL21="能力持续"),参数!$B$2,1)+V21*参数!$B$8+IF(X21<0,X21*参数!$B$13,X21*参数!$B$39)+IF(AE21<0,AE21*参数!$B$13,AE21*参数!$B$12)*参数!$B$2+AQ21*参数!$B$15+AB21*参数!$B$11+AF21*参数!$B$40*参数!$B$2+AG21*参数!$B$44*参数!$B$2+AH21*参数!$B$6*参数!$B$2+AI21*参数!$B$39*参数!$B$2+AJ21*参数!$B$6*参数!$B$2+Z21*参数!$B$13-T21*参数!$B$14-AD21*参数!$B$13+IF(ISNUMBER(AU21),AU21*参数!$B$38,0)-AV21*参数!$B$41-AW21*参数!$B$14),0),0) -> 14.242641 | AZ21: =AY21-MAX(AP21,0)*参数!$B$10 -> 8.2426407 | BA21: =IF(MAX(AP21,0)=0,AY21,AY21/MAX(AP21,0)) -> 7.1213203
A22: 21 | B22: ironclad_colossus | C22: 铁甲战士 | D22: 巨像 | E22: Colossus | F22: 技能 | G22: 稀有 | H22: 1 | I22: 1 | J22: 获得5点格挡。 在本回合中，有易伤状态的敌人对你造成的伤害降低50%。 | L22: self | M22: 0 | N22: 0 | O22: 1 | P22: 5 | Q22: 8 | R22: 0 | S22: 0 | T22: 0 | U22: 0 | V22: 0 | W22: 0 | X22: 0 | Y22: 0 | Z22: 0 | AA22: 0 | AB22: 0 | AC22: 0 | AD22: 0 | AE22: 0 | AF22: 0 | AG22: 0 | AH22: 0 | AI22: 0 | AJ22: 0 | AK22: none | AN22: 本回合 | AP22: =IF(ISNUMBER(H22),IF(AND(H22=0,V22=0,AK22="none"),0.4,IF(AK22="exhaust",MAX(H22-V22,0.4),IF(AK22="ethereal",MAX(H22-V22,0.4),MAX(H22-V22,0.4)))),IF(AND(AK22="exhaust",OR(H22="X",H22="∞")),0.4,IF(OR(H22="X",H22="∞"),0.4,0.4))) -> 1 | AQ22: 0 | AR22: 0 | AT22: v0.110.1 sts2.info | AU22: 0 | AY22: =IFERROR(MAX(IF(IF(AND(F22="能力",AL22="能力持续"),(参数!$B$2-1)*参数!$B$3,0)+M22*O22*参数!$B$5*IF(AND(F22="能力",AL22="能力持续"),参数!$B$2,1)+P22*参数!$B$6*IF(AND(F22="能力",AL22="能力持续"),参数!$B$2,1)+R22*参数!$B$7*IF(AND(F22="能力",AL22="能力持续"),参数!$B$2,1)+V22*参数!$B$8+IF(X22<0,X22*参数!$B$13,X22*参数!$B$39)+IF(AE22<0,AE22*参数!$B$13,AE22*参数!$B$12)*参数!$B$2+AQ22*参数!$B$15+AB22*参数!$B$11+AF22*参数!$B$40*参数!$B$2+AG22*参数!$B$44*参数!$B$2+AH22*参数!$B$6*参数!$B$2+AI22*参数!$B$39*参数!$B$2+AJ22*参数!$B$6*参数!$B$2+Z22*参数!$B$13-T22*参数!$B$14-AD22*参数!$B$13+IF(ISNUMBER(AU22),AU22*参数!$B$38,0)-AV22*参数!$B$41-AW22*参数!$B$14>参数!$B$17,参数!$B$17+SQRT(IF(AND(F22="能力",AL22="能力持续"),(参数!$B$2-1)*参数!$B$3,0)+M22*O22*参数!$B$5*IF(AND(F22="能力",AL22="能力持续"),参数!$B$2,1)+P22*参数!$B$6*IF(AND(F22="能力",AL22="能力持续"),参数!$B$2,1)+R22*参数!$B$7*IF(AND(F22="能力",AL22="能力持续"),参数!$B$2,1)+V22*参数!$B$8+IF(X22<0,X22*参数!$B$13,X22*参数!$B$39)+IF(AE22<0,AE22*参数!$B$13,AE22*参数!$B$12)*参数!$B$2+AQ22*参数!$B$15+AB22*参数!$B$11+AF22*参数!$B$40*参数!$B$2+AG22*参数!$B$44*参数!$B$2+AH22*参数!$B$6*参数!$B$2+AI22*参数!$B$39*参数!$B$2+AJ22*参数!$B$6*参数!$B$2+Z22*参数!$B$13-T22*参数!$B$14-AD22*参数!$B$13+IF(ISNUMBER(AU22),AU22*参数!$B$38,0)-AV22*参数!$B$41-AW22*参数!$B$14-参数!$B$17)*参数!$B$18,IF(AND(F22="能力",AL22="能力持续"),(参数!$B$2-1)*参数!$B$3,0)+M22*O22*参数!$B$5*IF(AND(F22="能力",AL22="能力持续"),参数!$B$2,1)+P22*参数!$B$6*IF(AND(F22="能力",AL22="能力持续"),参数!$B$2,1)+R22*参数!$B$7*IF(AND(F22="能力",AL22="能力持续"),参数!$B$2,1)+V22*参数!$B$8+IF(X22<0,X22*参数!$B$13,X22*参数!$B$39)+IF(AE22<0,AE22*参数!$B$13,AE22*参数!$B$12)*参数!$B$2+AQ22*参数!$B$15+AB22*参数!$B$11+AF22*参数!$B$40*参数!$B$2+AG22*参数!$B$44*参数!$B$2+AH22*参数!$B$6*参数!$B$2+AI22*参数!$B$39*参数!$B$2+AJ22*参数!$B$6*参数!$B$2+Z22*参数!$B$13-T22*参数!$B$14-AD22*参数!$B$13+IF(ISNUMBER(AU22),AU22*参数!$B$38,0)-AV22*参数!$B$41-AW22*参数!$B$14),0),0) -> 5.5 | AZ22: =AY22-MAX(AP22,0)*参数!$B$10 -> 2.5 | BA22: =IF(MAX(AP22,0)=0,AY22,AY22/MAX(AP22,0)) -> 5.5
A23: 22 | B23: ironclad_conflagration | C23: 铁甲战士 | D23: 恶魔之焰 | E23: Conflagration | F23: 攻击 | G23: 稀有 | H23: 1 | I23: 1 | J23: 消耗所有手牌。 每张被消耗的牌造成7点伤害。 | L23: enemy_all | M23: 7 | N23: 10 | O23: 5 | P23: 0 | Q23: 0 | R23: 0 | S23: 0 | T23: 0 | U23: 0 | V23: 0 | W23: 0 | X23: 0 | Y23: 0 | Z23: 0 | AA23: 0 | AB23: 0 | AC23: 0 | AD23: 0 | AE23: 0 | AF23: 0 | AG23: 0 | AH23: 0 | AI23: 0 | AJ23: 0 | AK23: none | AN23: 群体攻击，本回合 | AP23: =IF(ISNUMBER(H23),IF(AND(H23=0,V23=0,AK23="none"),0.4,IF(AK23="exhaust",MAX(H23-V23,0.4),IF(AK23="ethereal",MAX(H23-V23,0.4),MAX(H23-V23,0.4)))),IF(AND(AK23="exhaust",OR(H23="X",H23="∞")),0.4,IF(OR(H23="X",H23="∞"),0.4,0.4))) -> 1 | AQ23: 0 | AR23: 0 | AT23: v0.110.1 sts2.info | AU23: 0 | AY23: =IFERROR(MAX(IF(IF(AND(F23="能力",AL23="能力持续"),(参数!$B$2-1)*参数!$B$3,0)+M23*O23*参数!$B$5*IF(AND(F23="能力",AL23="能力持续"),参数!$B$2,1)+P23*参数!$B$6*IF(AND(F23="能力",AL23="能力持续"),参数!$B$2,1)+R23*参数!$B$7*IF(AND(F23="能力",AL23="能力持续"),参数!$B$2,1)+V23*参数!$B$8+IF(X23<0,X23*参数!$B$13,X23*参数!$B$39)+IF(AE23<0,AE23*参数!$B$13,AE23*参数!$B$12)*参数!$B$2+AQ23*参数!$B$15+AB23*参数!$B$11+AF23*参数!$B$40*参数!$B$2+AG23*参数!$B$44*参数!$B$2+AH23*参数!$B$6*参数!$B$2+AI23*参数!$B$39*参数!$B$2+AJ23*参数!$B$6*参数!$B$2+Z23*参数!$B$13-T23*参数!$B$14-AD23*参数!$B$13+IF(ISNUMBER(AU23),AU23*参数!$B$38,0)-AV23*参数!$B$41-AW23*参数!$B$14>参数!$B$17,参数!$B$17+SQRT(IF(AND(F23="能力",AL23="能力持续"),(参数!$B$2-1)*参数!$B$3,0)+M23*O23*参数!$B$5*IF(AND(F23="能力",AL23="能力持续"),参数!$B$2,1)+P23*参数!$B$6*IF(AND(F23="能力",AL23="能力持续"),参数!$B$2,1)+R23*参数!$B$7*IF(AND(F23="能力",AL23="能力持续"),参数!$B$2,1)+V23*参数!$B$8+IF(X23<0,X23*参数!$B$13,X23*参数!$B$39)+IF(AE23<0,AE23*参数!$B$13,AE23*参数!$B$12)*参数!$B$2+AQ23*参数!$B$15+AB23*参数!$B$11+AF23*参数!$B$40*参数!$B$2+AG23*参数!$B$44*参数!$B$2+AH23*参数!$B$6*参数!$B$2+AI23*参数!$B$39*参数!$B$2+AJ23*参数!$B$6*参数!$B$2+Z23*参数!$B$13-T23*参数!$B$14-AD23*参数!$B$13+IF(ISNUMBER(AU23),AU23*参数!$B$38,0)-AV23*参数!$B$41-AW23*参数!$B$14-参数!$B$17)*参数!$B$18,IF(AND(F23="能力",AL23="能力持续"),(参数!$B$2-1)*参数!$B$3,0)+M23*O23*参数!$B$5*IF(AND(F23="能力",AL23="能力持续"),参数!$B$2,1)+P23*参数!$B$6*IF(AND(F23="能力",AL23="能力持续"),参数!$B$2,1)+R23*参数!$B$7*IF(AND(F23="能力",AL23="能力持续"),参数!$B$2,1)+V23*参数!$B$8+IF(X23<0,X23*参数!$B$13,X23*参数!$B$39)+IF(AE23<0,AE23*参数!$B$13,AE23*参数!$B$12)*参数!$B$2+AQ23*参数!$B$15+AB23*参数!$B$11+AF23*参数!$B$40*参数!$B$2+AG23*参数!$B$44*参数!$B$2+AH23*参数!$B$6*参数!$B$2+AI23*参数!$B$39*参数!$B$2+AJ23*参数!$B$6*参数!$B$2+Z23*参数!$B$13-T23*参数!$B$14-AD23*参数!$B$13+IF(ISNUMBER(AU23),AU23*参数!$B$38,0)-AV23*参数!$B$41-AW23*参数!$B$14),0),0) -> 17.5 | AZ23: =AY23-MAX(AP23,0)*参数!$B$10 -> 14.5 | BA23: =IF(MAX(AP23,0)=0,AY23,AY23/MAX(AP23,0)) -> 17.5
A24: 23 | B24: ironclad_corruption | C24: 铁甲战士 | D24: 腐化 | E24: Corruption | F24: 能力 | G24: 远古 | H24: 3 | I24: 2 | J24: 技能牌消耗变为0Energy。 每当你打出一张技能牌时，将其消耗。 | K24: 含消耗其他牌效果 | L24: self | M24: 0 | N24: 0 | O24: 1 | P24: 0 | Q24: 0 | R24: 0 | S24: 0 | T24: 0 | U24: 0 | V24: 0 | W24: 0 | X24: 0 | Y24: 0 | Z24: 0 | AA24: 0 | AB24: 0 | AC24: 0 | AD24: 0 | AE24: 0 | AF24: 0 | AG24: 0 | AH24: 0 | AI24: 0 | AJ24: 0 | AK24: none | AL24: 能力持续 | AN24: 能力 | AO24: 含消耗其他牌效果 | AP24: =IF(ISNUMBER(H24),IF(AND(H24=0,V24=0,AK24="none"),0.4,IF(AK24="exhaust",MAX(H24-V24,0.4),IF(AK24="ethereal",MAX(H24-V24,0.4),MAX(H24-V24,0.4)))),IF(AND(AK24="exhaust",OR(H24="X",H24="∞")),0.4,IF(OR(H24="X",H24="∞"),0.4,0.4))) -> 3 | AQ24: 0 | AR24: 0 | AT24: v0.110.1 sts2.info | AU24: 0 | AY24: =IFERROR(MAX(IF(IF(AND(F24="能力",AL24="能力持续"),(参数!$B$2-1)*参数!$B$3,0)+M24*O24*参数!$B$5*IF(AND(F24="能力",AL24="能力持续"),参数!$B$2,1)+P24*参数!$B$6*IF(AND(F24="能力",AL24="能力持续"),参数!$B$2,1)+R24*参数!$B$7*IF(AND(F24="能力",AL24="能力持续"),参数!$B$2,1)+V24*参数!$B$8+IF(X24<0,X24*参数!$B$13,X24*参数!$B$39)+IF(AE24<0,AE24*参数!$B$13,AE24*参数!$B$12)*参数!$B$2+AQ24*参数!$B$15+AB24*参数!$B$11+AF24*参数!$B$40*参数!$B$2+AG24*参数!$B$44*参数!$B$2+AH24*参数!$B$6*参数!$B$2+AI24*参数!$B$39*参数!$B$2+AJ24*参数!$B$6*参数!$B$2+Z24*参数!$B$13-T24*参数!$B$14-AD24*参数!$B$13+IF(ISNUMBER(AU24),AU24*参数!$B$38,0)-AV24*参数!$B$41-AW24*参数!$B$14>参数!$B$17,参数!$B$17+SQRT(IF(AND(F24="能力",AL24="能力持续"),(参数!$B$2-1)*参数!$B$3,0)+M24*O24*参数!$B$5*IF(AND(F24="能力",AL24="能力持续"),参数!$B$2,1)+P24*参数!$B$6*IF(AND(F24="能力",AL24="能力持续"),参数!$B$2,1)+R24*参数!$B$7*IF(AND(F24="能力",AL24="能力持续"),参数!$B$2,1)+V24*参数!$B$8+IF(X24<0,X24*参数!$B$13,X24*参数!$B$39)+IF(AE24<0,AE24*参数!$B$13,AE24*参数!$B$12)*参数!$B$2+AQ24*参数!$B$15+AB24*参数!$B$11+AF24*参数!$B$40*参数!$B$2+AG24*参数!$B$44*参数!$B$2+AH24*参数!$B$6*参数!$B$2+AI24*参数!$B$39*参数!$B$2+AJ24*参数!$B$6*参数!$B$2+Z24*参数!$B$13-T24*参数!$B$14-AD24*参数!$B$13+IF(ISNUMBER(AU24),AU24*参数!$B$38,0)-AV24*参数!$B$41-AW24*参数!$B$14-参数!$B$17)*参数!$B$18,IF(AND(F24="能力",AL24="能力持续"),(参数!$B$2-1)*参数!$B$3,0)+M24*O24*参数!$B$5*IF(AND(F24="能力",AL24="能力持续"),参数!$B$2,1)+P24*参数!$B$6*IF(AND(F24="能力",AL24="能力持续"),参数!$B$2,1)+R24*参数!$B$7*IF(AND(F24="能力",AL24="能力持续"),参数!$B$2,1)+V24*参数!$B$8+IF(X24<0,X24*参数!$B$13,X24*参数!$B$39)+IF(AE24<0,AE24*参数!$B$13,AE24*参数!$B$12)*参数!$B$2+AQ24*参数!$B$15+AB24*参数!$B$11+AF24*参数!$B$40*参数!$B$2+AG24*参数!$B$44*参数!$B$2+AH24*参数!$B$6*参数!$B$2+AI24*参数!$B$39*参数!$B$2+AJ24*参数!$B$6*参数!$B$2+Z24*参数!$B$13-T24*参数!$B$14-AD24*参数!$B$13+IF(ISNUMBER(AU24),AU24*参数!$B$38,0)-AV24*参数!$B$41-AW24*参数!$B$14),0),0) -> 3.6 | AZ24: =AY24-MAX(AP24,0)*参数!$B$10 -> -5.4 | BA24: =IF(MAX(AP24,0)=0,AY24,AY24/MAX(AP24,0)) -> 1.2
A25: 24 | B25: ironclad_crimson_mantle | C25: 铁甲战士 | D25: 绯红披风 | E25: Crimson Mantle | F25: 能力 | G25: 稀有 | H25: 1 | I25: 1 | J25: 在你的回合开始时，失去1点生命并获得8点格挡。 | L25: self | M25: 0 | N25: 0 | O25: 1 | P25: 8 | Q25: 11 | R25: 0 | S25: 0 | T25: 0 | U25: 0 | V25: 0 | W25: 0 | X25: 0 | Y25: 0 | Z25: 0 | AA25: 0 | AB25: 0 | AC25: 0 | AD25: 0 | AE25: 0 | AF25: 0 | AG25: 0 | AH25: 0 | AI25: 0 | AJ25: 0 | AK25: none | AL25: 能力持续 | AN25: 能力 | AP25: =IF(ISNUMBER(H25),IF(AND(H25=0,V25=0,AK25="none"),0.4,IF(AK25="exhaust",MAX(H25-V25,0.4),IF(AK25="ethereal",MAX(H25-V25,0.4),MAX(H25-V25,0.4)))),IF(AND(AK25="exhaust",OR(H25="X",H25="∞")),0.4,IF(OR(H25="X",H25="∞"),0.4,0.4))) -> 1 | AQ25: 0 | AR25: 0 | AT25: v0.110.1 sts2.info | AU25: 0 | AV25: 1 | AY25: =IFERROR(MAX(IF(IF(AND(F25="能力",AL25="能力持续"),(参数!$B$2-1)*参数!$B$3,0)+M25*O25*参数!$B$5*IF(AND(F25="能力",AL25="能力持续"),参数!$B$2,1)+P25*参数!$B$6*IF(AND(F25="能力",AL25="能力持续"),参数!$B$2,1)+R25*参数!$B$7*IF(AND(F25="能力",AL25="能力持续"),参数!$B$2,1)+V25*参数!$B$8+IF(X25<0,X25*参数!$B$13,X25*参数!$B$39)+IF(AE25<0,AE25*参数!$B$13,AE25*参数!$B$12)*参数!$B$2+AQ25*参数!$B$15+AB25*参数!$B$11+AF25*参数!$B$40*参数!$B$2+AG25*参数!$B$44*参数!$B$2+AH25*参数!$B$6*参数!$B$2+AI25*参数!$B$39*参数!$B$2+AJ25*参数!$B$6*参数!$B$2+Z25*参数!$B$13-T25*参数!$B$14-AD25*参数!$B$13+IF(ISNUMBER(AU25),AU25*参数!$B$38,0)-AV25*参数!$B$41-AW25*参数!$B$14>参数!$B$17,参数!$B$17+SQRT(IF(AND(F25="能力",AL25="能力持续"),(参数!$B$2-1)*参数!$B$3,0)+M25*O25*参数!$B$5*IF(AND(F25="能力",AL25="能力持续"),参数!$B$2,1)+P25*参数!$B$6*IF(AND(F25="能力",AL25="能力持续"),参数!$B$2,1)+R25*参数!$B$7*IF(AND(F25="能力",AL25="能力持续"),参数!$B$2,1)+V25*参数!$B$8+IF(X25<0,X25*参数!$B$13,X25*参数!$B$39)+IF(AE25<0,AE25*参数!$B$13,AE25*参数!$B$12)*参数!$B$2+AQ25*参数!$B$15+AB25*参数!$B$11+AF25*参数!$B$40*参数!$B$2+AG25*参数!$B$44*参数!$B$2+AH25*参数!$B$6*参数!$B$2+AI25*参数!$B$39*参数!$B$2+AJ25*参数!$B$6*参数!$B$2+Z25*参数!$B$13-T25*参数!$B$14-AD25*参数!$B$13+IF(ISNUMBER(AU25),AU25*参数!$B$38,0)-AV25*参数!$B$41-AW25*参数!$B$14-参数!$B$17)*参数!$B$18,IF(AND(F25="能力",AL25="能力持续"),(参数!$B$2-1)*参数!$B$3,0)+M25*O25*参数!$B$5*IF(AND(F25="能力",AL25="能力持续"),参数!$B$2,1)+P25*参数!$B$6*IF(AND(F25="能力",AL25="能力持续"),参数!$B$2,1)+R25*参数!$B$7*IF(AND(F25="能力",AL25="能力持续"),参数!$B$2,1)+V25*参数!$B$8+IF(X25<0,X25*参数!$B$13,X25*参数!$B$39)+IF(AE25<0,AE25*参数!$B$13,AE25*参数!$B$12)*参数!$B$2+AQ25*参数!$B$15+AB25*参数!$B$11+AF25*参数!$B$40*参数!$B$2+AG25*参数!$B$44*参数!$B$2+AH25*参数!$B$6*参数!$B$2+AI25*参数!$B$39*参数!$B$2+AJ25*参数!$B$6*参数!$B$2+Z25*参数!$B$13-T25*参数!$B$14-AD25*参数!$B$13+IF(ISNUMBER(AU25),AU25*参数!$B$38,0)-AV25*参数!$B$41-AW25*参数!$B$14),0),0) -> 17.619055 | AZ25: =AY25-MAX(AP25,0)*参数!$B$10 -> 14.619055 | BA25: =IF(MAX(AP25,0)=0,AY25,AY25/MAX(AP25,0)) -> 17.619055
A26: 25 | B26: ironclad_cruelty | C26: 铁甲战士 | D26: 残酷 | E26: Cruelty | F26: 能力 | G26: 稀有 | H26: 1 | I26: 1 | J26: 有易伤状态的敌人额外受到25%的伤害。 | L26: self | M26: 0 | N26: 0 | O26: 1 | P26: 0 | Q26: 0 | R26: 0 | S26: 0 | T26: 0 | U26: 0 | V26: 0 | W26: 0 | X26: 0 | Y26: 0 | Z26: 0 | AA26: 0 | AB26: 0 | AC26: 0 | AD26: 0 | AE26: 0 | AF26: 0 | AG26: 0 | AH26: 0 | AI26: 0 | AJ26: 0 | AK26: none | AL26: 能力持续 | AN26: 能力 | AP26: =IF(ISNUMBER(H26),IF(AND(H26=0,V26=0,AK26="none"),0.4,IF(AK26="exhaust",MAX(H26-V26,0.4),IF(AK26="ethereal",MAX(H26-V26,0.4),MAX(H26-V26,0.4)))),IF(AND(AK26="exhaust",OR(H26="X",H26="∞")),0.4,IF(OR(H26="X",H26="∞"),0.4,0.4))) -> 1 | AQ26: =3*参数!$B$11 -> 3.9 | AR26: 0 | AT26: v0.110.1 sts2.info | AU26: 0 | AY26: =IFERROR(MAX(IF(IF(AND(F26="能力",AL26="能力持续"),(参数!$B$2-1)*参数!$B$3,0)+M26*O26*参数!$B$5*IF(AND(F26="能力",AL26="能力持续"),参数!$B$2,1)+P26*参数!$B$6*IF(AND(F26="能力",AL26="能力持续"),参数!$B$2,1)+R26*参数!$B$7*IF(AND(F26="能力",AL26="能力持续"),参数!$B$2,1)+V26*参数!$B$8+IF(X26<0,X26*参数!$B$13,X26*参数!$B$39)+IF(AE26<0,AE26*参数!$B$13,AE26*参数!$B$12)*参数!$B$2+AQ26*参数!$B$15+AB26*参数!$B$11+AF26*参数!$B$40*参数!$B$2+AG26*参数!$B$44*参数!$B$2+AH26*参数!$B$6*参数!$B$2+AI26*参数!$B$39*参数!$B$2+AJ26*参数!$B$6*参数!$B$2+Z26*参数!$B$13-T26*参数!$B$14-AD26*参数!$B$13+IF(ISNUMBER(AU26),AU26*参数!$B$38,0)-AV26*参数!$B$41-AW26*参数!$B$14>参数!$B$17,参数!$B$17+SQRT(IF(AND(F26="能力",AL26="能力持续"),(参数!$B$2-1)*参数!$B$3,0)+M26*O26*参数!$B$5*IF(AND(F26="能力",AL26="能力持续"),参数!$B$2,1)+P26*参数!$B$6*IF(AND(F26="能力",AL26="能力持续"),参数!$B$2,1)+R26*参数!$B$7*IF(AND(F26="能力",AL26="能力持续"),参数!$B$2,1)+V26*参数!$B$8+IF(X26<0,X26*参数!$B$13,X26*参数!$B$39)+IF(AE26<0,AE26*参数!$B$13,AE26*参数!$B$12)*参数!$B$2+AQ26*参数!$B$15+AB26*参数!$B$11+AF26*参数!$B$40*参数!$B$2+AG26*参数!$B$44*参数!$B$2+AH26*参数!$B$6*参数!$B$2+AI26*参数!$B$39*参数!$B$2+AJ26*参数!$B$6*参数!$B$2+Z26*参数!$B$13-T26*参数!$B$14-AD26*参数!$B$13+IF(ISNUMBER(AU26),AU26*参数!$B$38,0)-AV26*参数!$B$41-AW26*参数!$B$14-参数!$B$17)*参数!$B$18,IF(AND(F26="能力",AL26="能力持续"),(参数!$B$2-1)*参数!$B$3,0)+M26*O26*参数!$B$5*IF(AND(F26="能力",AL26="能力持续"),参数!$B$2,1)+P26*参数!$B$6*IF(AND(F26="能力",AL26="能力持续"),参数!$B$2,1)+R26*参数!$B$7*IF(AND(F26="能力",AL26="能力持续"),参数!$B$2,1)+V26*参数!$B$8+IF(X26<0,X26*参数!$B$13,X26*参数!$B$39)+IF(AE26<0,AE26*参数!$B$13,AE26*参数!$B$12)*参数!$B$2+AQ26*参数!$B$15+AB26*参数!$B$11+AF26*参数!$B$40*参数!$B$2+AG26*参数!$B$44*参数!$B$2+AH26*参数!$B$6*参数!$B$2+AI26*参数!$B$39*参数!$B$2+AJ26*参数!$B$6*参数!$B$2+Z26*参数!$B$13-T26*参数!$B$14-AD26*参数!$B$13+IF(ISNUMBER(AU26),AU26*参数!$B$38,0)-AV26*参数!$B$41-AW26*参数!$B$14),0),0) -> 13.453259 | AZ26: =AY26-MAX(AP26,0)*参数!$B$10 -> 10.453259 | BA26: =IF(MAX(AP26,0)=0,AY26,AY26/MAX(AP26,0)) -> 13.453259
A27: 26 | B27: ironclad_dark_embrace | C27: 铁甲战士 | D27: 黑暗之拥 | E27: Dark Embrace | F27: 能力 | G27: 稀有 | H27: 2 | I27: 1 | J27: 每当有一张牌被消耗时， 抽1张牌。 | L27: self | M27: 0 | N27: 0 | O27: 1 | P27: 0 | Q27: 0 | R27: =参数!$B$43 -> 2 | S27: 1 | T27: 0 | U27: 0 | V27: 0 | W27: 0 | X27: 0 | Y27: 0 | Z27: 0 | AA27: 0 | AB27: 0 | AC27: 0 | AD27: 0 | AE27: 0 | AF27: 0 | AG27: 0 | AH27: 0 | AI27: 0 | AJ27: 0 | AK27: none | AL27: 能力持续 | AN27: 能力 | AP27: =IF(ISNUMBER(H27),IF(AND(H27=0,V27=0,AK27="none"),0.4,IF(AK27="exhaust",MAX(H27-V27,0.4),IF(AK27="ethereal",MAX(H27-V27,0.4),MAX(H27-V27,0.4)))),IF(AND(AK27="exhaust",OR(H27="X",H27="∞")),0.4,IF(OR(H27="X",H27="∞"),0.4,0.4))) -> 2 | AQ27: 0 | AR27: 0 | AT27: v0.110.1 sts2.info | AU27: 0 | AY27: =IFERROR(MAX(IF(IF(AND(F27="能力",AL27="能力持续"),(参数!$B$2-1)*参数!$B$3,0)+M27*O27*参数!$B$5*IF(AND(F27="能力",AL27="能力持续"),参数!$B$2,1)+P27*参数!$B$6*IF(AND(F27="能力",AL27="能力持续"),参数!$B$2,1)+R27*参数!$B$7*IF(AND(F27="能力",AL27="能力持续"),参数!$B$2,1)+V27*参数!$B$8+IF(X27<0,X27*参数!$B$13,X27*参数!$B$39)+IF(AE27<0,AE27*参数!$B$13,AE27*参数!$B$12)*参数!$B$2+AQ27*参数!$B$15+AB27*参数!$B$11+AF27*参数!$B$40*参数!$B$2+AG27*参数!$B$44*参数!$B$2+AH27*参数!$B$6*参数!$B$2+AI27*参数!$B$39*参数!$B$2+AJ27*参数!$B$6*参数!$B$2+Z27*参数!$B$13-T27*参数!$B$14-AD27*参数!$B$13+IF(ISNUMBER(AU27),AU27*参数!$B$38,0)-AV27*参数!$B$41-AW27*参数!$B$14>参数!$B$17,参数!$B$17+SQRT(IF(AND(F27="能力",AL27="能力持续"),(参数!$B$2-1)*参数!$B$3,0)+M27*O27*参数!$B$5*IF(AND(F27="能力",AL27="能力持续"),参数!$B$2,1)+P27*参数!$B$6*IF(AND(F27="能力",AL27="能力持续"),参数!$B$2,1)+R27*参数!$B$7*IF(AND(F27="能力",AL27="能力持续"),参数!$B$2,1)+V27*参数!$B$8+IF(X27<0,X27*参数!$B$13,X27*参数!$B$39)+IF(AE27<0,AE27*参数!$B$13,AE27*参数!$B$12)*参数!$B$2+AQ27*参数!$B$15+AB27*参数!$B$11+AF27*参数!$B$40*参数!$B$2+AG27*参数!$B$44*参数!$B$2+AH27*参数!$B$6*参数!$B$2+AI27*参数!$B$39*参数!$B$2+AJ27*参数!$B$6*参数!$B$2+Z27*参数!$B$13-T27*参数!$B$14-AD27*参数!$B$13+IF(ISNUMBER(AU27),AU27*参数!$B$38,0)-AV27*参数!$B$41-AW27*参数!$B$14-参数!$B$17)*参数!$B$18,IF(AND(F27="能力",AL27="能力持续"),(参数!$B$2-1)*参数!$B$3,0)+M27*O27*参数!$B$5*IF(AND(F27="能力",AL27="能力持续"),参数!$B$2,1)+P27*参数!$B$6*IF(AND(F27="能力",AL27="能力持续"),参数!$B$2,1)+R27*参数!$B$7*IF(AND(F27="能力",AL27="能力持续"),参数!$B$2,1)+V27*参数!$B$8+IF(X27<0,X27*参数!$B$13,X27*参数!$B$39)+IF(AE27<0,AE27*参数!$B$13,AE27*参数!$B$12)*参数!$B$2+AQ27*参数!$B$15+AB27*参数!$B$11+AF27*参数!$B$40*参数!$B$2+AG27*参数!$B$44*参数!$B$2+AH27*参数!$B$6*参数!$B$2+AI27*参数!$B$39*参数!$B$2+AJ27*参数!$B$6*参数!$B$2+Z27*参数!$B$13-T27*参数!$B$14-AD27*参数!$B$13+IF(ISNUMBER(AU27),AU27*参数!$B$38,0)-AV27*参数!$B$41-AW27*参数!$B$14),0),0) -> 9.2 | AZ27: =AY27-MAX(AP27,0)*参数!$B$10 -> 3.2 | BA27: =IF(MAX(AP27,0)=0,AY27,AY27/MAX(AP27,0)) -> 4.6
A28: 27 | B28: ironclad_demon_form | C28: 铁甲战士 | D28: 恶魔形态 | E28: Demon Form | F28: 能力 | G28: 稀有 | H28: 3 | I28: 3 | J28: 在你的回合开始时，获得3点力量。 | L28: self | M28: 0 | N28: 0 | O28: 1 | P28: 0 | Q28: 0 | R28: 0 | S28: 0 | T28: 0 | U28: 0 | V28: 0 | W28: 0 | X28: 0 | Y28: 0 | Z28: 0 | AA28: 0 | AB28: 0 | AC28: 0 | AD28: 0 | AE28: 4 | AF28: 0 | AG28: 0 | AH28: 0 | AI28: 0 | AJ28: 0 | AK28: none | AL28: 能力持续 | AN28: 能力 | AP28: =IF(ISNUMBER(H28),IF(AND(H28=0,V28=0,AK28="none"),0.4,IF(AK28="exhaust",MAX(H28-V28,0.4),IF(AK28="ethereal",MAX(H28-V28,0.4),MAX(H28-V28,0.4)))),IF(AND(AK28="exhaust",OR(H28="X",H28="∞")),0.4,IF(OR(H28="X",H28="∞"),0.4,0.4))) -> 3 | AQ28: 0 | AR28: 0 | AT28: v0.110.1 sts2.info | AU28: 0 | AY28: =IFERROR(MAX(IF(IF(AND(F28="能力",AL28="能力持续"),(参数!$B$2-1)*参数!$B$3,0)+M28*O28*参数!$B$5*IF(AND(F28="能力",AL28="能力持续"),参数!$B$2,1)+P28*参数!$B$6*IF(AND(F28="能力",AL28="能力持续"),参数!$B$2,1)+R28*参数!$B$7*IF(AND(F28="能力",AL28="能力持续"),参数!$B$2,1)+V28*参数!$B$8+IF(X28<0,X28*参数!$B$13,X28*参数!$B$39)+IF(AE28<0,AE28*参数!$B$13,AE28*参数!$B$12)*参数!$B$2+AQ28*参数!$B$15+AB28*参数!$B$11+AF28*参数!$B$40*参数!$B$2+AG28*参数!$B$44*参数!$B$2+AH28*参数!$B$6*参数!$B$2+AI28*参数!$B$39*参数!$B$2+AJ28*参数!$B$6*参数!$B$2+Z28*参数!$B$13-T28*参数!$B$14-AD28*参数!$B$13+IF(ISNUMBER(AU28),AU28*参数!$B$38,0)-AV28*参数!$B$41-AW28*参数!$B$14>参数!$B$17,参数!$B$17+SQRT(IF(AND(F28="能力",AL28="能力持续"),(参数!$B$2-1)*参数!$B$3,0)+M28*O28*参数!$B$5*IF(AND(F28="能力",AL28="能力持续"),参数!$B$2,1)+P28*参数!$B$6*IF(AND(F28="能力",AL28="能力持续"),参数!$B$2,1)+R28*参数!$B$7*IF(AND(F28="能力",AL28="能力持续"),参数!$B$2,1)+V28*参数!$B$8+IF(X28<0,X28*参数!$B$13,X28*参数!$B$39)+IF(AE28<0,AE28*参数!$B$13,AE28*参数!$B$12)*参数!$B$2+AQ28*参数!$B$15+AB28*参数!$B$11+AF28*参数!$B$40*参数!$B$2+AG28*参数!$B$44*参数!$B$2+AH28*参数!$B$6*参数!$B$2+AI28*参数!$B$39*参数!$B$2+AJ28*参数!$B$6*参数!$B$2+Z28*参数!$B$13-T28*参数!$B$14-AD28*参数!$B$13+IF(ISNUMBER(AU28),AU28*参数!$B$38,0)-AV28*参数!$B$41-AW28*参数!$B$14-参数!$B$17)*参数!$B$18,IF(AND(F28="能力",AL28="能力持续"),(参数!$B$2-1)*参数!$B$3,0)+M28*O28*参数!$B$5*IF(AND(F28="能力",AL28="能力持续"),参数!$B$2,1)+P28*参数!$B$6*IF(AND(F28="能力",AL28="能力持续"),参数!$B$2,1)+R28*参数!$B$7*IF(AND(F28="能力",AL28="能力持续"),参数!$B$2,1)+V28*参数!$B$8+IF(X28<0,X28*参数!$B$13,X28*参数!$B$39)+IF(AE28<0,AE28*参数!$B$13,AE28*参数!$B$12)*参数!$B$2+AQ28*参数!$B$15+AB28*参数!$B$11+AF28*参数!$B$40*参数!$B$2+AG28*参数!$B$44*参数!$B$2+AH28*参数!$B$6*参数!$B$2+AI28*参数!$B$39*参数!$B$2+AJ28*参数!$B$6*参数!$B$2+Z28*参数!$B$13-T28*参数!$B$14-AD28*参数!$B$13+IF(ISNUMBER(AU28),AU28*参数!$B$38,0)-AV28*参数!$B$41-AW28*参数!$B$14),0),0) -> 15.366563 | AZ28: =AY28-MAX(AP28,0)*参数!$B$10 -> 6.3665631 | BA28: =IF(MAX(AP28,0)=0,AY28,AY28/MAX(AP28,0)) -> 5.1221877
A29: 28 | B29: ironclad_demonic_shield | C29: 铁甲战士 | D29: 恶魔护盾 | E29: Demonic Shield | F29: 技能 | G29: 罕见 | H29: 0 | I29: 0 | J29: 失去1点生命。 给予另一位玩家你当前格挡值的格挡。 | L29: player_single | M29: 0 | N29: 0 | O29: 1 | P29: 8 | Q29: 0 | R29: 0 | S29: 0 | T29: 0 | U29: 0 | V29: 0 | W29: 0 | X29: 0 | Y29: 0 | Z29: 0 | AA29: 0 | AB29: 0 | AC29: 0 | AD29: 0 | AE29: 0 | AF29: 0 | AG29: 0 | AH29: 0 | AI29: 0 | AJ29: 0 | AK29: none | AP29: =IF(ISNUMBER(H29),IF(AND(H29=0,V29=0,AK29="none"),0.4,IF(AK29="exhaust",MAX(H29-V29,0.4),IF(AK29="ethereal",MAX(H29-V29,0.4),MAX(H29-V29,0.4)))),IF(AND(AK29="exhaust",OR(H29="X",H29="∞")),0.4,IF(OR(H29="X",H29="∞"),0.4,0.4))) -> 0.4 | AQ29: 0 | AR29: 0 | AT29: v0.110.1 sts2.info | AU29: 0 | AV29: 1 | AY29: =IFERROR(MAX(IF(IF(AND(F29="能力",AL29="能力持续"),(参数!$B$2-1)*参数!$B$3,0)+M29*O29*参数!$B$5*IF(AND(F29="能力",AL29="能力持续"),参数!$B$2,1)+P29*参数!$B$6*IF(AND(F29="能力",AL29="能力持续"),参数!$B$2,1)+R29*参数!$B$7*IF(AND(F29="能力",AL29="能力持续"),参数!$B$2,1)+V29*参数!$B$8+IF(X29<0,X29*参数!$B$13,X29*参数!$B$39)+IF(AE29<0,AE29*参数!$B$13,AE29*参数!$B$12)*参数!$B$2+AQ29*参数!$B$15+AB29*参数!$B$11+AF29*参数!$B$40*参数!$B$2+AG29*参数!$B$44*参数!$B$2+AH29*参数!$B$6*参数!$B$2+AI29*参数!$B$39*参数!$B$2+AJ29*参数!$B$6*参数!$B$2+Z29*参数!$B$13-T29*参数!$B$14-AD29*参数!$B$13+IF(ISNUMBER(AU29),AU29*参数!$B$38,0)-AV29*参数!$B$41-AW29*参数!$B$14>参数!$B$17,参数!$B$17+SQRT(IF(AND(F29="能力",AL29="能力持续"),(参数!$B$2-1)*参数!$B$3,0)+M29*O29*参数!$B$5*IF(AND(F29="能力",AL29="能力持续"),参数!$B$2,1)+P29*参数!$B$6*IF(AND(F29="能力",AL29="能力持续"),参数!$B$2,1)+R29*参数!$B$7*IF(AND(F29="能力",AL29="能力持续"),参数!$B$2,1)+V29*参数!$B$8+IF(X29<0,X29*参数!$B$13,X29*参数!$B$39)+IF(AE29<0,AE29*参数!$B$13,AE29*参数!$B$12)*参数!$B$2+AQ29*参数!$B$15+AB29*参数!$B$11+AF29*参数!$B$40*参数!$B$2+AG29*参数!$B$44*参数!$B$2+AH29*参数!$B$6*参数!$B$2+AI29*参数!$B$39*参数!$B$2+AJ29*参数!$B$6*参数!$B$2+Z29*参数!$B$13-T29*参数!$B$14-AD29*参数!$B$13+IF(ISNUMBER(AU29),AU29*参数!$B$38,0)-AV29*参数!$B$41-AW29*参数!$B$14-参数!$B$17)*参数!$B$18,IF(AND(F29="能力",AL29="能力持续"),(参数!$B$2-1)*参数!$B$3,0)+M29*O29*参数!$B$5*IF(AND(F29="能力",AL29="能力持续"),参数!$B$2,1)+P29*参数!$B$6*IF(AND(F29="能力",AL29="能力持续"),参数!$B$2,1)+R29*参数!$B$7*IF(AND(F29="能力",AL29="能力持续"),参数!$B$2,1)+V29*参数!$B$8+IF(X29<0,X29*参数!$B$13,X29*参数!$B$39)+IF(AE29<0,AE29*参数!$B$13,AE29*参数!$B$12)*参数!$B$2+AQ29*参数!$B$15+AB29*参数!$B$11+AF29*参数!$B$40*参数!$B$2+AG29*参数!$B$44*参数!$B$2+AH29*参数!$B$6*参数!$B$2+AI29*参数!$B$39*参数!$B$2+AJ29*参数!$B$6*参数!$B$2+Z29*参数!$B$13-T29*参数!$B$14-AD29*参数!$B$13+IF(ISNUMBER(AU29),AU29*参数!$B$38,0)-AV29*参数!$B$41-AW29*参数!$B$14),0),0) -> 5.8 | AZ29: =AY29-MAX(AP29,0)*参数!$B$10 -> 4.6 | BA29: =IF(MAX(AP29,0)=0,AY29,AY29/MAX(AP29,0)) -> 14.5
A30: 29 | B30: ironclad_dismantle | C30: 铁甲战士 | D30: 拆卸 | E30: Dismantle | F30: 攻击 | G30: 罕见 | H30: 1 | I30: 1 | J30: 造成8点伤害。 如果该敌人有易伤状态，则攻击两次。 | L30: enemy_single | M30: 8 | N30: 10 | O30: 2 | P30: 0 | Q30: 0 | R30: 0 | S30: 0 | T30: 0 | U30: 0 | V30: 0 | W30: 0 | X30: 0 | Y30: 0 | Z30: 0 | AA30: 0 | AB30: 0 | AC30: 0 | AD30: 0 | AE30: 0 | AF30: 0 | AG30: 0 | AH30: 0 | AI30: 0 | AJ30: 0 | AK30: none | AP30: =IF(ISNUMBER(H30),IF(AND(H30=0,V30=0,AK30="none"),0.4,IF(AK30="exhaust",MAX(H30-V30,0.4),IF(AK30="ethereal",MAX(H30-V30,0.4),MAX(H30-V30,0.4)))),IF(AND(AK30="exhaust",OR(H30="X",H30="∞")),0.4,IF(OR(H30="X",H30="∞"),0.4,0.4))) -> 1 | AQ30: 0 | AR30: 0 | AT30: v0.110.1 sts2.info | AU30: 0 | AY30: =IFERROR(MAX(IF(IF(AND(F30="能力",AL30="能力持续"),(参数!$B$2-1)*参数!$B$3,0)+M30*O30*参数!$B$5*IF(AND(F30="能力",AL30="能力持续"),参数!$B$2,1)+P30*参数!$B$6*IF(AND(F30="能力",AL30="能力持续"),参数!$B$2,1)+R30*参数!$B$7*IF(AND(F30="能力",AL30="能力持续"),参数!$B$2,1)+V30*参数!$B$8+IF(X30<0,X30*参数!$B$13,X30*参数!$B$39)+IF(AE30<0,AE30*参数!$B$13,AE30*参数!$B$12)*参数!$B$2+AQ30*参数!$B$15+AB30*参数!$B$11+AF30*参数!$B$40*参数!$B$2+AG30*参数!$B$44*参数!$B$2+AH30*参数!$B$6*参数!$B$2+AI30*参数!$B$39*参数!$B$2+AJ30*参数!$B$6*参数!$B$2+Z30*参数!$B$13-T30*参数!$B$14-AD30*参数!$B$13+IF(ISNUMBER(AU30),AU30*参数!$B$38,0)-AV30*参数!$B$41-AW30*参数!$B$14>参数!$B$17,参数!$B$17+SQRT(IF(AND(F30="能力",AL30="能力持续"),(参数!$B$2-1)*参数!$B$3,0)+M30*O30*参数!$B$5*IF(AND(F30="能力",AL30="能力持续"),参数!$B$2,1)+P30*参数!$B$6*IF(AND(F30="能力",AL30="能力持续"),参数!$B$2,1)+R30*参数!$B$7*IF(AND(F30="能力",AL30="能力持续"),参数!$B$2,1)+V30*参数!$B$8+IF(X30<0,X30*参数!$B$13,X30*参数!$B$39)+IF(AE30<0,AE30*参数!$B$13,AE30*参数!$B$12)*参数!$B$2+AQ30*参数!$B$15+AB30*参数!$B$11+AF30*参数!$B$40*参数!$B$2+AG30*参数!$B$44*参数!$B$2+AH30*参数!$B$6*参数!$B$2+AI30*参数!$B$39*参数!$B$2+AJ30*参数!$B$6*参数!$B$2+Z30*参数!$B$13-T30*参数!$B$14-AD30*参数!$B$13+IF(ISNUMBER(AU30),AU30*参数!$B$38,0)-AV30*参数!$B$41-AW30*参数!$B$14-参数!$B$17)*参数!$B$18,IF(AND(F30="能力",AL30="能力持续"),(参数!$B$2-1)*参数!$B$3,0)+M30*O30*参数!$B$5*IF(AND(F30="能力",AL30="能力持续"),参数!$B$2,1)+P30*参数!$B$6*IF(AND(F30="能力",AL30="能力持续"),参数!$B$2,1)+R30*参数!$B$7*IF(AND(F30="能力",AL30="能力持续"),参数!$B$2,1)+V30*参数!$B$8+IF(X30<0,X30*参数!$B$13,X30*参数!$B$39)+IF(AE30<0,AE30*参数!$B$13,AE30*参数!$B$12)*参数!$B$2+AQ30*参数!$B$15+AB30*参数!$B$11+AF30*参数!$B$40*参数!$B$2+AG30*参数!$B$44*参数!$B$2+AH30*参数!$B$6*参数!$B$2+AI30*参数!$B$39*参数!$B$2+AJ30*参数!$B$6*参数!$B$2+Z30*参数!$B$13-T30*参数!$B$14-AD30*参数!$B$13+IF(ISNUMBER(AU30),AU30*参数!$B$38,0)-AV30*参数!$B$41-AW30*参数!$B$14),0),0) -> 13.674235 | AZ30: =AY30-MAX(AP30,0)*参数!$B$10 -> 10.674235 | BA30: =IF(MAX(AP30,0)=0,AY30,AY30/MAX(AP30,0)) -> 13.674235
A31: 30 | B31: ironclad_dominate | C31: 铁甲战士 | D31: 主宰 | E31: Dominate | F31: 技能 | G31: 罕见 | H31: 1 | I31: 1 | J31: 给予1层易伤。 敌人身上每有一层易伤，就获得点力量。 | L31: self | M31: 0 | N31: 0 | O31: 1 | P31: 0 | Q31: 0 | R31: 0 | S31: 0 | T31: 0 | U31: 0 | V31: 0 | W31: 0 | X31: 0 | Y31: 0 | Z31: 0 | AA31: 0 | AB31: 0 | AC31: 0 | AD31: 0 | AE31: 2 | AF31: 0 | AG31: 0 | AH31: 0 | AI31: 0 | AJ31: 0 | AK31: none | AP31: =IF(ISNUMBER(H31),IF(AND(H31=0,V31=0,AK31="none"),0.4,IF(AK31="exhaust",MAX(H31-V31,0.4),IF(AK31="ethereal",MAX(H31-V31,0.4),MAX(H31-V31,0.4)))),IF(AND(AK31="exhaust",OR(H31="X",H31="∞")),0.4,IF(OR(H31="X",H31="∞"),0.4,0.4))) -> 1 | AQ31: 0 | AR31: 0 | AT31: v0.110.1 sts2.info | AU31: 0 | AY31: =IFERROR(MAX(IF(IF(AND(F31="能力",AL31="能力持续"),(参数!$B$2-1)*参数!$B$3,0)+M31*O31*参数!$B$5*IF(AND(F31="能力",AL31="能力持续"),参数!$B$2,1)+P31*参数!$B$6*IF(AND(F31="能力",AL31="能力持续"),参数!$B$2,1)+R31*参数!$B$7*IF(AND(F31="能力",AL31="能力持续"),参数!$B$2,1)+V31*参数!$B$8+IF(X31<0,X31*参数!$B$13,X31*参数!$B$39)+IF(AE31<0,AE31*参数!$B$13,AE31*参数!$B$12)*参数!$B$2+AQ31*参数!$B$15+AB31*参数!$B$11+AF31*参数!$B$40*参数!$B$2+AG31*参数!$B$44*参数!$B$2+AH31*参数!$B$6*参数!$B$2+AI31*参数!$B$39*参数!$B$2+AJ31*参数!$B$6*参数!$B$2+Z31*参数!$B$13-T31*参数!$B$14-AD31*参数!$B$13+IF(ISNUMBER(AU31),AU31*参数!$B$38,0)-AV31*参数!$B$41-AW31*参数!$B$14>参数!$B$17,参数!$B$17+SQRT(IF(AND(F31="能力",AL31="能力持续"),(参数!$B$2-1)*参数!$B$3,0)+M31*O31*参数!$B$5*IF(AND(F31="能力",AL31="能力持续"),参数!$B$2,1)+P31*参数!$B$6*IF(AND(F31="能力",AL31="能力持续"),参数!$B$2,1)+R31*参数!$B$7*IF(AND(F31="能力",AL31="能力持续"),参数!$B$2,1)+V31*参数!$B$8+IF(X31<0,X31*参数!$B$13,X31*参数!$B$39)+IF(AE31<0,AE31*参数!$B$13,AE31*参数!$B$12)*参数!$B$2+AQ31*参数!$B$15+AB31*参数!$B$11+AF31*参数!$B$40*参数!$B$2+AG31*参数!$B$44*参数!$B$2+AH31*参数!$B$6*参数!$B$2+AI31*参数!$B$39*参数!$B$2+AJ31*参数!$B$6*参数!$B$2+Z31*参数!$B$13-T31*参数!$B$14-AD31*参数!$B$13+IF(ISNUMBER(AU31),AU31*参数!$B$38,0)-AV31*参数!$B$41-AW31*参数!$B$14-参数!$B$17)*参数!$B$18,IF(AND(F31="能力",AL31="能力持续"),(参数!$B$2-1)*参数!$B$3,0)+M31*O31*参数!$B$5*IF(AND(F31="能力",AL31="能力持续"),参数!$B$2,1)+P31*参数!$B$6*IF(AND(F31="能力",AL31="能力持续"),参数!$B$2,1)+R31*参数!$B$7*IF(AND(F31="能力",AL31="能力持续"),参数!$B$2,1)+V31*参数!$B$8+IF(X31<0,X31*参数!$B$13,X31*参数!$B$39)+IF(AE31<0,AE31*参数!$B$13,AE31*参数!$B$12)*参数!$B$2+AQ31*参数!$B$15+AB31*参数!$B$11+AF31*参数!$B$40*参数!$B$2+AG31*参数!$B$44*参数!$B$2+AH31*参数!$B$6*参数!$B$2+AI31*参数!$B$39*参数!$B$2+AJ31*参数!$B$6*参数!$B$2+Z31*参数!$B$13-T31*参数!$B$14-AD31*参数!$B$13+IF(ISNUMBER(AU31),AU31*参数!$B$38,0)-AV31*参数!$B$41-AW31*参数!$B$14),0),0) -> 9.6 | AZ31: =AY31-MAX(AP31,0)*参数!$B$10 -> 6.6 | BA31: =IF(MAX(AP31,0)=0,AY31,AY31/MAX(AP31,0)) -> 9.6
A32: 31 | B32: ironclad_drum_of_battle | C32: 铁甲战士 | D32: 战鼓 | E32: Drum of Battle | F32: 能力 | G32: 罕见 | H32: 1 | I32: 1 | J32: 抽2张牌。 这张牌被消耗时，获得2点能量 | K32: 含消耗效果 | L32: self | M32: 0 | N32: 0 | O32: 1 | P32: 0 | Q32: 0 | R32: 2 | S32: 3 | T32: 0 | U32: 0 | V32: 0 | W32: 0 | X32: 0 | Y32: 0 | Z32: 0 | AA32: 0 | AB32: 0 | AC32: 0 | AD32: 0 | AE32: 0 | AF32: 0 | AG32: 0 | AH32: 0 | AI32: 0 | AJ32: 0 | AK32: none | AL32: 能力持续 | AN32: 能力 | AO32: 含消耗其他牌效果 | AP32: =IF(ISNUMBER(H32),IF(AND(H32=0,V32=0,AK32="none"),0.4,IF(AK32="exhaust",MAX(H32-V32,0.4),IF(AK32="ethereal",MAX(H32-V32,0.4),MAX(H32-V32,0.4)))),IF(AND(AK32="exhaust",OR(H32="X",H32="∞")),0.4,IF(OR(H32="X",H32="∞"),0.4,0.4))) -> 1 | AQ32: 0 | AR32: 0 | AT32: v0.110.1 sts2.info | AU32: 0 | AY32: =IFERROR(MAX(IF(IF(AND(F32="能力",AL32="能力持续"),(参数!$B$2-1)*参数!$B$3,0)+M32*O32*参数!$B$5*IF(AND(F32="能力",AL32="能力持续"),参数!$B$2,1)+P32*参数!$B$6*IF(AND(F32="能力",AL32="能力持续"),参数!$B$2,1)+R32*参数!$B$7*IF(AND(F32="能力",AL32="能力持续"),参数!$B$2,1)+V32*参数!$B$8+IF(X32<0,X32*参数!$B$13,X32*参数!$B$39)+IF(AE32<0,AE32*参数!$B$13,AE32*参数!$B$12)*参数!$B$2+AQ32*参数!$B$15+AB32*参数!$B$11+AF32*参数!$B$40*参数!$B$2+AG32*参数!$B$44*参数!$B$2+AH32*参数!$B$6*参数!$B$2+AI32*参数!$B$39*参数!$B$2+AJ32*参数!$B$6*参数!$B$2+Z32*参数!$B$13-T32*参数!$B$14-AD32*参数!$B$13+IF(ISNUMBER(AU32),AU32*参数!$B$38,0)-AV32*参数!$B$41-AW32*参数!$B$14>参数!$B$17,参数!$B$17+SQRT(IF(AND(F32="能力",AL32="能力持续"),(参数!$B$2-1)*参数!$B$3,0)+M32*O32*参数!$B$5*IF(AND(F32="能力",AL32="能力持续"),参数!$B$2,1)+P32*参数!$B$6*IF(AND(F32="能力",AL32="能力持续"),参数!$B$2,1)+R32*参数!$B$7*IF(AND(F32="能力",AL32="能力持续"),参数!$B$2,1)+V32*参数!$B$8+IF(X32<0,X32*参数!$B$13,X32*参数!$B$39)+IF(AE32<0,AE32*参数!$B$13,AE32*参数!$B$12)*参数!$B$2+AQ32*参数!$B$15+AB32*参数!$B$11+AF32*参数!$B$40*参数!$B$2+AG32*参数!$B$44*参数!$B$2+AH32*参数!$B$6*参数!$B$2+AI32*参数!$B$39*参数!$B$2+AJ32*参数!$B$6*参数!$B$2+Z32*参数!$B$13-T32*参数!$B$14-AD32*参数!$B$13+IF(ISNUMBER(AU32),AU32*参数!$B$38,0)-AV32*参数!$B$41-AW32*参数!$B$14-参数!$B$17)*参数!$B$18,IF(AND(F32="能力",AL32="能力持续"),(参数!$B$2-1)*参数!$B$3,0)+M32*O32*参数!$B$5*IF(AND(F32="能力",AL32="能力持续"),参数!$B$2,1)+P32*参数!$B$6*IF(AND(F32="能力",AL32="能力持续"),参数!$B$2,1)+R32*参数!$B$7*IF(AND(F32="能力",AL32="能力持续"),参数!$B$2,1)+V32*参数!$B$8+IF(X32<0,X32*参数!$B$13,X32*参数!$B$39)+IF(AE32<0,AE32*参数!$B$13,AE32*参数!$B$12)*参数!$B$2+AQ32*参数!$B$15+AB32*参数!$B$11+AF32*参数!$B$40*参数!$B$2+AG32*参数!$B$44*参数!$B$2+AH32*参数!$B$6*参数!$B$2+AI32*参数!$B$39*参数!$B$2+AJ32*参数!$B$6*参数!$B$2+Z32*参数!$B$13-T32*参数!$B$14-AD32*参数!$B$13+IF(ISNUMBER(AU32),AU32*参数!$B$38,0)-AV32*参数!$B$41-AW32*参数!$B$14),0),0) -> 9.2 | AZ32: =AY32-MAX(AP32,0)*参数!$B$10 -> 6.2 | BA32: =IF(MAX(AP32,0)=0,AY32,AY32/MAX(AP32,0)) -> 9.2
A33: 32 | B33: ironclad_evil_eye | C33: 铁甲战士 | D33: 邪眼 | E33: Evil Eye | F33: 技能 | G33: 罕见 | H33: 1 | I33: 1 | J33: 获得8点格挡。 如果你在本回合消耗过卡牌，则额外获得8点格挡。 | L33: self | M33: 0 | N33: 0 | O33: 2 | P33: 8 | Q33: 11 | R33: 0 | S33: 0 | T33: 0 | U33: 0 | V33: 0 | W33: 0 | X33: 0 | Y33: 0 | Z33: 0 | AA33: 0 | AB33: 0 | AC33: 0 | AD33: 0 | AE33: 0 | AF33: 0 | AG33: 0 | AH33: 0 | AI33: 0 | AJ33: 0 | AK33: none | AN33: 本回合 | AP33: =IF(ISNUMBER(H33),IF(AND(H33=0,V33=0,AK33="none"),0.4,IF(AK33="exhaust",MAX(H33-V33,0.4),IF(AK33="ethereal",MAX(H33-V33,0.4),MAX(H33-V33,0.4)))),IF(AND(AK33="exhaust",OR(H33="X",H33="∞")),0.4,IF(OR(H33="X",H33="∞"),0.4,0.4))) -> 1 | AQ33: 0 | AR33: 0 | AT33: v0.110.1 sts2.info | AU33: 0 | AY33: =IFERROR(MAX(IF(IF(AND(F33="能力",AL33="能力持续"),(参数!$B$2-1)*参数!$B$3,0)+M33*O33*参数!$B$5*IF(AND(F33="能力",AL33="能力持续"),参数!$B$2,1)+P33*参数!$B$6*IF(AND(F33="能力",AL33="能力持续"),参数!$B$2,1)+R33*参数!$B$7*IF(AND(F33="能力",AL33="能力持续"),参数!$B$2,1)+V33*参数!$B$8+IF(X33<0,X33*参数!$B$13,X33*参数!$B$39)+IF(AE33<0,AE33*参数!$B$13,AE33*参数!$B$12)*参数!$B$2+AQ33*参数!$B$15+AB33*参数!$B$11+AF33*参数!$B$40*参数!$B$2+AG33*参数!$B$44*参数!$B$2+AH33*参数!$B$6*参数!$B$2+AI33*参数!$B$39*参数!$B$2+AJ33*参数!$B$6*参数!$B$2+Z33*参数!$B$13-T33*参数!$B$14-AD33*参数!$B$13+IF(ISNUMBER(AU33),AU33*参数!$B$38,0)-AV33*参数!$B$41-AW33*参数!$B$14>参数!$B$17,参数!$B$17+SQRT(IF(AND(F33="能力",AL33="能力持续"),(参数!$B$2-1)*参数!$B$3,0)+M33*O33*参数!$B$5*IF(AND(F33="能力",AL33="能力持续"),参数!$B$2,1)+P33*参数!$B$6*IF(AND(F33="能力",AL33="能力持续"),参数!$B$2,1)+R33*参数!$B$7*IF(AND(F33="能力",AL33="能力持续"),参数!$B$2,1)+V33*参数!$B$8+IF(X33<0,X33*参数!$B$13,X33*参数!$B$39)+IF(AE33<0,AE33*参数!$B$13,AE33*参数!$B$12)*参数!$B$2+AQ33*参数!$B$15+AB33*参数!$B$11+AF33*参数!$B$40*参数!$B$2+AG33*参数!$B$44*参数!$B$2+AH33*参数!$B$6*参数!$B$2+AI33*参数!$B$39*参数!$B$2+AJ33*参数!$B$6*参数!$B$2+Z33*参数!$B$13-T33*参数!$B$14-AD33*参数!$B$13+IF(ISNUMBER(AU33),AU33*参数!$B$38,0)-AV33*参数!$B$41-AW33*参数!$B$14-参数!$B$17)*参数!$B$18,IF(AND(F33="能力",AL33="能力持续"),(参数!$B$2-1)*参数!$B$3,0)+M33*O33*参数!$B$5*IF(AND(F33="能力",AL33="能力持续"),参数!$B$2,1)+P33*参数!$B$6*IF(AND(F33="能力",AL33="能力持续"),参数!$B$2,1)+R33*参数!$B$7*IF(AND(F33="能力",AL33="能力持续"),参数!$B$2,1)+V33*参数!$B$8+IF(X33<0,X33*参数!$B$13,X33*参数!$B$39)+IF(AE33<0,AE33*参数!$B$13,AE33*参数!$B$12)*参数!$B$2+AQ33*参数!$B$15+AB33*参数!$B$11+AF33*参数!$B$40*参数!$B$2+AG33*参数!$B$44*参数!$B$2+AH33*参数!$B$6*参数!$B$2+AI33*参数!$B$39*参数!$B$2+AJ33*参数!$B$6*参数!$B$2+Z33*参数!$B$13-T33*参数!$B$14-AD33*参数!$B$13+IF(ISNUMBER(AU33),AU33*参数!$B$38,0)-AV33*参数!$B$41-AW33*参数!$B$14),0),0) -> 8.8 | AZ33: =AY33-MAX(AP33,0)*参数!$B$10 -> 5.8 | BA33: =IF(MAX(AP33,0)=0,AY33,AY33/MAX(AP33,0)) -> 8.8
A34: 33 | B34: ironclad_expect_a_fight | C34: 铁甲战士 | D34: 跃跃欲试 | E34: Expect a Fight | F34: 技能 | G34: 罕见 | H34: 2 | I34: 1 | J34: 你的手牌中每有一张攻击牌，就获得1点能量。 | L34: self | M34: 0 | N34: 0 | O34: 1 | P34: 0 | Q34: 0 | R34: 0 | S34: 0 | T34: 0 | U34: 0 | V34: =参数!$B$4-1 -> 2.5 | W34: =参数!$B$4 -> 3.5 | X34: 0 | Y34: 0 | Z34: 0 | AA34: 0 | AB34: 0 | AC34: 0 | AD34: 0 | AE34: 0 | AF34: 0 | AG34: 0 | AH34: 0 | AI34: 0 | AJ34: 0 | AK34: none | AP34: =IF(ISNUMBER(H34),IF(AND(H34=0,V34=0,AK34="none"),0.4,IF(AK34="exhaust",MAX(H34-V34,0.4),IF(AK34="ethereal",MAX(H34-V34,0.4),MAX(H34-V34,0.4)))),IF(AND(AK34="exhaust",OR(H34="X",H34="∞")),0.4,IF(OR(H34="X",H34="∞"),0.4,0.4))) -> 0.4 | AQ34: 0 | AR34: 0 | AT34: v0.110.1 sts2.info | AU34: 0 | AY34: =IFERROR(MAX(IF(IF(AND(F34="能力",AL34="能力持续"),(参数!$B$2-1)*参数!$B$3,0)+M34*O34*参数!$B$5*IF(AND(F34="能力",AL34="能力持续"),参数!$B$2,1)+P34*参数!$B$6*IF(AND(F34="能力",AL34="能力持续"),参数!$B$2,1)+R34*参数!$B$7*IF(AND(F34="能力",AL34="能力持续"),参数!$B$2,1)+V34*参数!$B$8+IF(X34<0,X34*参数!$B$13,X34*参数!$B$39)+IF(AE34<0,AE34*参数!$B$13,AE34*参数!$B$12)*参数!$B$2+AQ34*参数!$B$15+AB34*参数!$B$11+AF34*参数!$B$40*参数!$B$2+AG34*参数!$B$44*参数!$B$2+AH34*参数!$B$6*参数!$B$2+AI34*参数!$B$39*参数!$B$2+AJ34*参数!$B$6*参数!$B$2+Z34*参数!$B$13-T34*参数!$B$14-AD34*参数!$B$13+IF(ISNUMBER(AU34),AU34*参数!$B$38,0)-AV34*参数!$B$41-AW34*参数!$B$14>参数!$B$17,参数!$B$17+SQRT(IF(AND(F34="能力",AL34="能力持续"),(参数!$B$2-1)*参数!$B$3,0)+M34*O34*参数!$B$5*IF(AND(F34="能力",AL34="能力持续"),参数!$B$2,1)+P34*参数!$B$6*IF(AND(F34="能力",AL34="能力持续"),参数!$B$2,1)+R34*参数!$B$7*IF(AND(F34="能力",AL34="能力持续"),参数!$B$2,1)+V34*参数!$B$8+IF(X34<0,X34*参数!$B$13,X34*参数!$B$39)+IF(AE34<0,AE34*参数!$B$13,AE34*参数!$B$12)*参数!$B$2+AQ34*参数!$B$15+AB34*参数!$B$11+AF34*参数!$B$40*参数!$B$2+AG34*参数!$B$44*参数!$B$2+AH34*参数!$B$6*参数!$B$2+AI34*参数!$B$39*参数!$B$2+AJ34*参数!$B$6*参数!$B$2+Z34*参数!$B$13-T34*参数!$B$14-AD34*参数!$B$13+IF(ISNUMBER(AU34),AU34*参数!$B$38,0)-AV34*参数!$B$41-AW34*参数!$B$14-参数!$B$17)*参数!$B$18,IF(AND(F34="能力",AL34="能力持续"),(参数!$B$2-1)*参数!$B$3,0)+M34*O34*参数!$B$5*IF(AND(F34="能力",AL34="能力持续"),参数!$B$2,1)+P34*参数!$B$6*IF(AND(F34="能力",AL34="能力持续"),参数!$B$2,1)+R34*参数!$B$7*IF(AND(F34="能力",AL34="能力持续"),参数!$B$2,1)+V34*参数!$B$8+IF(X34<0,X34*参数!$B$13,X34*参数!$B$39)+IF(AE34<0,AE34*参数!$B$13,AE34*参数!$B$12)*参数!$B$2+AQ34*参数!$B$15+AB34*参数!$B$11+AF34*参数!$B$40*参数!$B$2+AG34*参数!$B$44*参数!$B$2+AH34*参数!$B$6*参数!$B$2+AI34*参数!$B$39*参数!$B$2+AJ34*参数!$B$6*参数!$B$2+Z34*参数!$B$13-T34*参数!$B$14-AD34*参数!$B$13+IF(ISNUMBER(AU34),AU34*参数!$B$38,0)-AV34*参数!$B$41-AW34*参数!$B$14),0),0) -> 7.5 | AZ34: =AY34-MAX(AP34,0)*参数!$B$10 -> 6.3 | BA34: =IF(MAX(AP34,0)=0,AY34,AY34/MAX(AP34,0)) -> 18.75
A35: 34 | B35: ironclad_feed | C35: 铁甲战士 | D35: 狂宴 | E35: Feed | F35: 攻击 | G35: 稀有 | H35: 1 | I35: 1 | J35: 造成10点伤害。 斩杀时，永久获得3点最大生命值。 | L35: enemy_single | M35: 10 | N35: 13 | O35: 1 | P35: 3 | Q35: 0 | R35: 0 | S35: 0 | T35: 0 | U35: 0 | V35: 0 | W35: 0 | X35: 0 | Y35: 0 | Z35: 0 | AA35: 0 | AB35: 0 | AC35: 0 | AD35: 0 | AE35: 0 | AF35: 0 | AG35: 0 | AH35: 0 | AI35: 0 | AJ35: 0 | AK35: none | AP35: =IF(ISNUMBER(H35),IF(AND(H35=0,V35=0,AK35="none"),0.4,IF(AK35="exhaust",MAX(H35-V35,0.4),IF(AK35="ethereal",MAX(H35-V35,0.4),MAX(H35-V35,0.4)))),IF(AND(AK35="exhaust",OR(H35="X",H35="∞")),0.4,IF(OR(H35="X",H35="∞"),0.4,0.4))) -> 1 | AQ35: 0 | AR35: 0 | AT35: v0.110.1 sts2.info | AU35: 0 | AY35: =IFERROR(MAX(IF(IF(AND(F35="能力",AL35="能力持续"),(参数!$B$2-1)*参数!$B$3,0)+M35*O35*参数!$B$5*IF(AND(F35="能力",AL35="能力持续"),参数!$B$2,1)+P35*参数!$B$6*IF(AND(F35="能力",AL35="能力持续"),参数!$B$2,1)+R35*参数!$B$7*IF(AND(F35="能力",AL35="能力持续"),参数!$B$2,1)+V35*参数!$B$8+IF(X35<0,X35*参数!$B$13,X35*参数!$B$39)+IF(AE35<0,AE35*参数!$B$13,AE35*参数!$B$12)*参数!$B$2+AQ35*参数!$B$15+AB35*参数!$B$11+AF35*参数!$B$40*参数!$B$2+AG35*参数!$B$44*参数!$B$2+AH35*参数!$B$6*参数!$B$2+AI35*参数!$B$39*参数!$B$2+AJ35*参数!$B$6*参数!$B$2+Z35*参数!$B$13-T35*参数!$B$14-AD35*参数!$B$13+IF(ISNUMBER(AU35),AU35*参数!$B$38,0)-AV35*参数!$B$41-AW35*参数!$B$14>参数!$B$17,参数!$B$17+SQRT(IF(AND(F35="能力",AL35="能力持续"),(参数!$B$2-1)*参数!$B$3,0)+M35*O35*参数!$B$5*IF(AND(F35="能力",AL35="能力持续"),参数!$B$2,1)+P35*参数!$B$6*IF(AND(F35="能力",AL35="能力持续"),参数!$B$2,1)+R35*参数!$B$7*IF(AND(F35="能力",AL35="能力持续"),参数!$B$2,1)+V35*参数!$B$8+IF(X35<0,X35*参数!$B$13,X35*参数!$B$39)+IF(AE35<0,AE35*参数!$B$13,AE35*参数!$B$12)*参数!$B$2+AQ35*参数!$B$15+AB35*参数!$B$11+AF35*参数!$B$40*参数!$B$2+AG35*参数!$B$44*参数!$B$2+AH35*参数!$B$6*参数!$B$2+AI35*参数!$B$39*参数!$B$2+AJ35*参数!$B$6*参数!$B$2+Z35*参数!$B$13-T35*参数!$B$14-AD35*参数!$B$13+IF(ISNUMBER(AU35),AU35*参数!$B$38,0)-AV35*参数!$B$41-AW35*参数!$B$14-参数!$B$17)*参数!$B$18,IF(AND(F35="能力",AL35="能力持续"),(参数!$B$2-1)*参数!$B$3,0)+M35*O35*参数!$B$5*IF(AND(F35="能力",AL35="能力持续"),参数!$B$2,1)+P35*参数!$B$6*IF(AND(F35="能力",AL35="能力持续"),参数!$B$2,1)+R35*参数!$B$7*IF(AND(F35="能力",AL35="能力持续"),参数!$B$2,1)+V35*参数!$B$8+IF(X35<0,X35*参数!$B$13,X35*参数!$B$39)+IF(AE35<0,AE35*参数!$B$13,AE35*参数!$B$12)*参数!$B$2+AQ35*参数!$B$15+AB35*参数!$B$11+AF35*参数!$B$40*参数!$B$2+AG35*参数!$B$44*参数!$B$2+AH35*参数!$B$6*参数!$B$2+AI35*参数!$B$39*参数!$B$2+AJ35*参数!$B$6*参数!$B$2+Z35*参数!$B$13-T35*参数!$B$14-AD35*参数!$B$13+IF(ISNUMBER(AU35),AU35*参数!$B$38,0)-AV35*参数!$B$41-AW35*参数!$B$14),0),0) -> 12.724885 | AZ35: =AY35-MAX(AP35,0)*参数!$B$10 -> 9.7248853 | BA35: =IF(MAX(AP35,0)=0,AY35,AY35/MAX(AP35,0)) -> 12.724885
A36: 35 | B36: ironclad_feel_no_pain | C36: 铁甲战士 | D36: 无惧疼痛 | E36: Feel No Pain | F36: 能力 | G36: 罕见 | H36: 1 | I36: 1 | J36: 每当有一张牌被消耗时，获得3点格挡。 | L36: self | M36: 0 | N36: 0 | O36: 1 | P36: 3 | Q36: 6 | R36: 0 | S36: 0 | T36: 0 | U36: 0 | V36: 0 | W36: 0 | X36: 0 | Y36: 0 | Z36: 0 | AA36: 0 | AB36: 0 | AC36: 0 | AD36: 0 | AE36: 0 | AF36: 0 | AG36: 0 | AH36: 0 | AI36: 0 | AJ36: 0 | AK36: none | AL36: 能力持续 | AN36: 能力 | AP36: =IF(ISNUMBER(H36),IF(AND(H36=0,V36=0,AK36="none"),0.4,IF(AK36="exhaust",MAX(H36-V36,0.4),IF(AK36="ethereal",MAX(H36-V36,0.4),MAX(H36-V36,0.4)))),IF(AND(AK36="exhaust",OR(H36="X",H36="∞")),0.4,IF(OR(H36="X",H36="∞"),0.4,0.4))) -> 1 | AQ36: 0 | AR36: 0 | AT36: v0.110.1 sts2.info | AU36: 0 | AY36: =IFERROR(MAX(IF(IF(AND(F36="能力",AL36="能力持续"),(参数!$B$2-1)*参数!$B$3,0)+M36*O36*参数!$B$5*IF(AND(F36="能力",AL36="能力持续"),参数!$B$2,1)+P36*参数!$B$6*IF(AND(F36="能力",AL36="能力持续"),参数!$B$2,1)+R36*参数!$B$7*IF(AND(F36="能力",AL36="能力持续"),参数!$B$2,1)+V36*参数!$B$8+IF(X36<0,X36*参数!$B$13,X36*参数!$B$39)+IF(AE36<0,AE36*参数!$B$13,AE36*参数!$B$12)*参数!$B$2+AQ36*参数!$B$15+AB36*参数!$B$11+AF36*参数!$B$40*参数!$B$2+AG36*参数!$B$44*参数!$B$2+AH36*参数!$B$6*参数!$B$2+AI36*参数!$B$39*参数!$B$2+AJ36*参数!$B$6*参数!$B$2+Z36*参数!$B$13-T36*参数!$B$14-AD36*参数!$B$13+IF(ISNUMBER(AU36),AU36*参数!$B$38,0)-AV36*参数!$B$41-AW36*参数!$B$14>参数!$B$17,参数!$B$17+SQRT(IF(AND(F36="能力",AL36="能力持续"),(参数!$B$2-1)*参数!$B$3,0)+M36*O36*参数!$B$5*IF(AND(F36="能力",AL36="能力持续"),参数!$B$2,1)+P36*参数!$B$6*IF(AND(F36="能力",AL36="能力持续"),参数!$B$2,1)+R36*参数!$B$7*IF(AND(F36="能力",AL36="能力持续"),参数!$B$2,1)+V36*参数!$B$8+IF(X36<0,X36*参数!$B$13,X36*参数!$B$39)+IF(AE36<0,AE36*参数!$B$13,AE36*参数!$B$12)*参数!$B$2+AQ36*参数!$B$15+AB36*参数!$B$11+AF36*参数!$B$40*参数!$B$2+AG36*参数!$B$44*参数!$B$2+AH36*参数!$B$6*参数!$B$2+AI36*参数!$B$39*参数!$B$2+AJ36*参数!$B$6*参数!$B$2+Z36*参数!$B$13-T36*参数!$B$14-AD36*参数!$B$13+IF(ISNUMBER(AU36),AU36*参数!$B$38,0)-AV36*参数!$B$41-AW36*参数!$B$14-参数!$B$17)*参数!$B$18,IF(AND(F36="能力",AL36="能力持续"),(参数!$B$2-1)*参数!$B$3,0)+M36*O36*参数!$B$5*IF(AND(F36="能力",AL36="能力持续"),参数!$B$2,1)+P36*参数!$B$6*IF(AND(F36="能力",AL36="能力持续"),参数!$B$2,1)+R36*参数!$B$7*IF(AND(F36="能力",AL36="能力持续"),参数!$B$2,1)+V36*参数!$B$8+IF(X36<0,X36*参数!$B$13,X36*参数!$B$39)+IF(AE36<0,AE36*参数!$B$13,AE36*参数!$B$12)*参数!$B$2+AQ36*参数!$B$15+AB36*参数!$B$11+AF36*参数!$B$40*参数!$B$2+AG36*参数!$B$44*参数!$B$2+AH36*参数!$B$6*参数!$B$2+AI36*参数!$B$39*参数!$B$2+AJ36*参数!$B$6*参数!$B$2+Z36*参数!$B$13-T36*参数!$B$14-AD36*参数!$B$13+IF(ISNUMBER(AU36),AU36*参数!$B$38,0)-AV36*参数!$B$41-AW36*参数!$B$14),0),0) -> 13.911521 | AZ36: =AY36-MAX(AP36,0)*参数!$B$10 -> 10.911521 | BA36: =IF(MAX(AP36,0)=0,AY36,AY36/MAX(AP36,0)) -> 13.911521
A37: 36 | B37: ironclad_fiend_fire | C37: 铁甲战士 | D37: 恶魔之焰 | E37: Fiend Fire | F37: 攻击 | G37: 稀有 | H37: 2 | I37: 2 | J37: 消耗所有手牌。 每张被消耗的牌造成7点伤害。 | K37: 含消耗其他牌效果 | L37: enemy_single | M37: 7 | N37: 10 | O37: 5 | P37: 0 | Q37: 0 | R37: 0 | S37: 0 | T37: 0 | U37: 0 | V37: 0 | W37: 0 | X37: 0 | Y37: 0 | Z37: 0 | AA37: 0 | AB37: 0 | AC37: 0 | AD37: 0 | AE37: 0 | AF37: 0 | AG37: 0 | AH37: 0 | AI37: 0 | AJ37: 0 | AK37: none | AO37: 含消耗其他牌效果 | AP37: =IF(ISNUMBER(H37),IF(AND(H37=0,V37=0,AK37="none"),0.4,IF(AK37="exhaust",MAX(H37-V37,0.4),IF(AK37="ethereal",MAX(H37-V37,0.4),MAX(H37-V37,0.4)))),IF(AND(AK37="exhaust",OR(H37="X",H37="∞")),0.4,IF(OR(H37="X",H37="∞"),0.4,0.4))) -> 2 | AQ37: 0 | AR37: 0 | AT37: v0.110.1 sts2.info | AU37: 0 | AY37: =IFERROR(MAX(IF(IF(AND(F37="能力",AL37="能力持续"),(参数!$B$2-1)*参数!$B$3,0)+M37*O37*参数!$B$5*IF(AND(F37="能力",AL37="能力持续"),参数!$B$2,1)+P37*参数!$B$6*IF(AND(F37="能力",AL37="能力持续"),参数!$B$2,1)+R37*参数!$B$7*IF(AND(F37="能力",AL37="能力持续"),参数!$B$2,1)+V37*参数!$B$8+IF(X37<0,X37*参数!$B$13,X37*参数!$B$39)+IF(AE37<0,AE37*参数!$B$13,AE37*参数!$B$12)*参数!$B$2+AQ37*参数!$B$15+AB37*参数!$B$11+AF37*参数!$B$40*参数!$B$2+AG37*参数!$B$44*参数!$B$2+AH37*参数!$B$6*参数!$B$2+AI37*参数!$B$39*参数!$B$2+AJ37*参数!$B$6*参数!$B$2+Z37*参数!$B$13-T37*参数!$B$14-AD37*参数!$B$13+IF(ISNUMBER(AU37),AU37*参数!$B$38,0)-AV37*参数!$B$41-AW37*参数!$B$14>参数!$B$17,参数!$B$17+SQRT(IF(AND(F37="能力",AL37="能力持续"),(参数!$B$2-1)*参数!$B$3,0)+M37*O37*参数!$B$5*IF(AND(F37="能力",AL37="能力持续"),参数!$B$2,1)+P37*参数!$B$6*IF(AND(F37="能力",AL37="能力持续"),参数!$B$2,1)+R37*参数!$B$7*IF(AND(F37="能力",AL37="能力持续"),参数!$B$2,1)+V37*参数!$B$8+IF(X37<0,X37*参数!$B$13,X37*参数!$B$39)+IF(AE37<0,AE37*参数!$B$13,AE37*参数!$B$12)*参数!$B$2+AQ37*参数!$B$15+AB37*参数!$B$11+AF37*参数!$B$40*参数!$B$2+AG37*参数!$B$44*参数!$B$2+AH37*参数!$B$6*参数!$B$2+AI37*参数!$B$39*参数!$B$2+AJ37*参数!$B$6*参数!$B$2+Z37*参数!$B$13-T37*参数!$B$14-AD37*参数!$B$13+IF(ISNUMBER(AU37),AU37*参数!$B$38,0)-AV37*参数!$B$41-AW37*参数!$B$14-参数!$B$17)*参数!$B$18,IF(AND(F37="能力",AL37="能力持续"),(参数!$B$2-1)*参数!$B$3,0)+M37*O37*参数!$B$5*IF(AND(F37="能力",AL37="能力持续"),参数!$B$2,1)+P37*参数!$B$6*IF(AND(F37="能力",AL37="能力持续"),参数!$B$2,1)+R37*参数!$B$7*IF(AND(F37="能力",AL37="能力持续"),参数!$B$2,1)+V37*参数!$B$8+IF(X37<0,X37*参数!$B$13,X37*参数!$B$39)+IF(AE37<0,AE37*参数!$B$13,AE37*参数!$B$12)*参数!$B$2+AQ37*参数!$B$15+AB37*参数!$B$11+AF37*参数!$B$40*参数!$B$2+AG37*参数!$B$44*参数!$B$2+AH37*参数!$B$6*参数!$B$2+AI37*参数!$B$39*参数!$B$2+AJ37*参数!$B$6*参数!$B$2+Z37*参数!$B$13-T37*参数!$B$14-AD37*参数!$B$13+IF(ISNUMBER(AU37),AU37*参数!$B$38,0)-AV37*参数!$B$41-AW37*参数!$B$14),0),0) -> 17.5 | AZ37: =AY37-MAX(AP37,0)*参数!$B$10 -> 11.5 | BA37: =IF(MAX(AP37,0)=0,AY37,AY37/MAX(AP37,0)) -> 8.75
A38: 37 | B38: ironclad_fight_me | C38: 铁甲战士 | D38: 与我一战 | E38: Fight Me! | F38: 攻击 | G38: 罕见 | H38: 2 | I38: 2 | J38: 造成5点伤害两次。 获得3点力量。 该敌人获得点力量。 | L38: enemy_single | M38: 5 | N38: 8 | O38: 2 | P38: 0 | Q38: 0 | R38: 0 | S38: 0 | T38: 0 | U38: 0 | V38: 0 | W38: 0 | X38: 0 | Y38: 0 | Z38: 0 | AA38: 0 | AB38: 0 | AC38: 0 | AD38: 0 | AE38: 3 | AF38: 0 | AG38: 0 | AH38: 0 | AI38: 0 | AJ38: 0 | AK38: none | AP38: =IF(ISNUMBER(H38),IF(AND(H38=0,V38=0,AK38="none"),0.4,IF(AK38="exhaust",MAX(H38-V38,0.4),IF(AK38="ethereal",MAX(H38-V38,0.4),MAX(H38-V38,0.4)))),IF(AND(AK38="exhaust",OR(H38="X",H38="∞")),0.4,IF(OR(H38="X",H38="∞"),0.4,0.4))) -> 2 | AQ38: 0 | AR38: 0 | AT38: v0.110.1 sts2.info | AU38: 0 | AY38: =IFERROR(MAX(IF(IF(AND(F38="能力",AL38="能力持续"),(参数!$B$2-1)*参数!$B$3,0)+M38*O38*参数!$B$5*IF(AND(F38="能力",AL38="能力持续"),参数!$B$2,1)+P38*参数!$B$6*IF(AND(F38="能力",AL38="能力持续"),参数!$B$2,1)+R38*参数!$B$7*IF(AND(F38="能力",AL38="能力持续"),参数!$B$2,1)+V38*参数!$B$8+IF(X38<0,X38*参数!$B$13,X38*参数!$B$39)+IF(AE38<0,AE38*参数!$B$13,AE38*参数!$B$12)*参数!$B$2+AQ38*参数!$B$15+AB38*参数!$B$11+AF38*参数!$B$40*参数!$B$2+AG38*参数!$B$44*参数!$B$2+AH38*参数!$B$6*参数!$B$2+AI38*参数!$B$39*参数!$B$2+AJ38*参数!$B$6*参数!$B$2+Z38*参数!$B$13-T38*参数!$B$14-AD38*参数!$B$13+IF(ISNUMBER(AU38),AU38*参数!$B$38,0)-AV38*参数!$B$41-AW38*参数!$B$14>参数!$B$17,参数!$B$17+SQRT(IF(AND(F38="能力",AL38="能力持续"),(参数!$B$2-1)*参数!$B$3,0)+M38*O38*参数!$B$5*IF(AND(F38="能力",AL38="能力持续"),参数!$B$2,1)+P38*参数!$B$6*IF(AND(F38="能力",AL38="能力持续"),参数!$B$2,1)+R38*参数!$B$7*IF(AND(F38="能力",AL38="能力持续"),参数!$B$2,1)+V38*参数!$B$8+IF(X38<0,X38*参数!$B$13,X38*参数!$B$39)+IF(AE38<0,AE38*参数!$B$13,AE38*参数!$B$12)*参数!$B$2+AQ38*参数!$B$15+AB38*参数!$B$11+AF38*参数!$B$40*参数!$B$2+AG38*参数!$B$44*参数!$B$2+AH38*参数!$B$6*参数!$B$2+AI38*参数!$B$39*参数!$B$2+AJ38*参数!$B$6*参数!$B$2+Z38*参数!$B$13-T38*参数!$B$14-AD38*参数!$B$13+IF(ISNUMBER(AU38),AU38*参数!$B$38,0)-AV38*参数!$B$41-AW38*参数!$B$14-参数!$B$17)*参数!$B$18,IF(AND(F38="能力",AL38="能力持续"),(参数!$B$2-1)*参数!$B$3,0)+M38*O38*参数!$B$5*IF(AND(F38="能力",AL38="能力持续"),参数!$B$2,1)+P38*参数!$B$6*IF(AND(F38="能力",AL38="能力持续"),参数!$B$2,1)+R38*参数!$B$7*IF(AND(F38="能力",AL38="能力持续"),参数!$B$2,1)+V38*参数!$B$8+IF(X38<0,X38*参数!$B$13,X38*参数!$B$39)+IF(AE38<0,AE38*参数!$B$13,AE38*参数!$B$12)*参数!$B$2+AQ38*参数!$B$15+AB38*参数!$B$11+AF38*参数!$B$40*参数!$B$2+AG38*参数!$B$44*参数!$B$2+AH38*参数!$B$6*参数!$B$2+AI38*参数!$B$39*参数!$B$2+AJ38*参数!$B$6*参数!$B$2+Z38*参数!$B$13-T38*参数!$B$14-AD38*参数!$B$13+IF(ISNUMBER(AU38),AU38*参数!$B$38,0)-AV38*参数!$B$41-AW38*参数!$B$14),0),0) -> 15.6921 | AZ38: =AY38-MAX(AP38,0)*参数!$B$10 -> 9.6920998 | BA38: =IF(MAX(AP38,0)=0,AY38,AY38/MAX(AP38,0)) -> 7.8460499
A39: 38 | B39: ironclad_flame_barrier | C39: 铁甲战士 | D39: 烈焰屏障 | E39: Flame Barrier | F39: 技能 | G39: 罕见 | H39: 2 | I39: 2 | J39: 获得12点格挡。 你在这个回合每受到一次攻击，都会对攻击者造成点伤害。 | L39: self | M39: 4 | N39: 0 | O39: 1 | P39: 12 | Q39: 16 | R39: 0 | S39: 0 | T39: 0 | U39: 0 | V39: 0 | W39: 0 | X39: 0 | Y39: 0 | Z39: 0 | AA39: 0 | AB39: 0 | AC39: 0 | AD39: 0 | AE39: 0 | AF39: 0 | AG39: 0 | AH39: 0 | AI39: 0 | AJ39: 0 | AK39: none | AN39: 本回合 | AP39: =IF(ISNUMBER(H39),IF(AND(H39=0,V39=0,AK39="none"),0.4,IF(AK39="exhaust",MAX(H39-V39,0.4),IF(AK39="ethereal",MAX(H39-V39,0.4),MAX(H39-V39,0.4)))),IF(AND(AK39="exhaust",OR(H39="X",H39="∞")),0.4,IF(OR(H39="X",H39="∞"),0.4,0.4))) -> 2 | AQ39: 0 | AR39: 0 | AT39: v0.110.1 sts2.info | AU39: 0 | AV39: 1 | AY39: =IFERROR(MAX(IF(IF(AND(F39="能力",AL39="能力持续"),(参数!$B$2-1)*参数!$B$3,0)+M39*O39*参数!$B$5*IF(AND(F39="能力",AL39="能力持续"),参数!$B$2,1)+P39*参数!$B$6*IF(AND(F39="能力",AL39="能力持续"),参数!$B$2,1)+R39*参数!$B$7*IF(AND(F39="能力",AL39="能力持续"),参数!$B$2,1)+V39*参数!$B$8+IF(X39<0,X39*参数!$B$13,X39*参数!$B$39)+IF(AE39<0,AE39*参数!$B$13,AE39*参数!$B$12)*参数!$B$2+AQ39*参数!$B$15+AB39*参数!$B$11+AF39*参数!$B$40*参数!$B$2+AG39*参数!$B$44*参数!$B$2+AH39*参数!$B$6*参数!$B$2+AI39*参数!$B$39*参数!$B$2+AJ39*参数!$B$6*参数!$B$2+Z39*参数!$B$13-T39*参数!$B$14-AD39*参数!$B$13+IF(ISNUMBER(AU39),AU39*参数!$B$38,0)-AV39*参数!$B$41-AW39*参数!$B$14>参数!$B$17,参数!$B$17+SQRT(IF(AND(F39="能力",AL39="能力持续"),(参数!$B$2-1)*参数!$B$3,0)+M39*O39*参数!$B$5*IF(AND(F39="能力",AL39="能力持续"),参数!$B$2,1)+P39*参数!$B$6*IF(AND(F39="能力",AL39="能力持续"),参数!$B$2,1)+R39*参数!$B$7*IF(AND(F39="能力",AL39="能力持续"),参数!$B$2,1)+V39*参数!$B$8+IF(X39<0,X39*参数!$B$13,X39*参数!$B$39)+IF(AE39<0,AE39*参数!$B$13,AE39*参数!$B$12)*参数!$B$2+AQ39*参数!$B$15+AB39*参数!$B$11+AF39*参数!$B$40*参数!$B$2+AG39*参数!$B$44*参数!$B$2+AH39*参数!$B$6*参数!$B$2+AI39*参数!$B$39*参数!$B$2+AJ39*参数!$B$6*参数!$B$2+Z39*参数!$B$13-T39*参数!$B$14-AD39*参数!$B$13+IF(ISNUMBER(AU39),AU39*参数!$B$38,0)-AV39*参数!$B$41-AW39*参数!$B$14-参数!$B$17)*参数!$B$18,IF(AND(F39="能力",AL39="能力持续"),(参数!$B$2-1)*参数!$B$3,0)+M39*O39*参数!$B$5*IF(AND(F39="能力",AL39="能力持续"),参数!$B$2,1)+P39*参数!$B$6*IF(AND(F39="能力",AL39="能力持续"),参数!$B$2,1)+R39*参数!$B$7*IF(AND(F39="能力",AL39="能力持续"),参数!$B$2,1)+V39*参数!$B$8+IF(X39<0,X39*参数!$B$13,X39*参数!$B$39)+IF(AE39<0,AE39*参数!$B$13,AE39*参数!$B$12)*参数!$B$2+AQ39*参数!$B$15+AB39*参数!$B$11+AF39*参数!$B$40*参数!$B$2+AG39*参数!$B$44*参数!$B$2+AH39*参数!$B$6*参数!$B$2+AI39*参数!$B$39*参数!$B$2+AJ39*参数!$B$6*参数!$B$2+Z39*参数!$B$13-T39*参数!$B$14-AD39*参数!$B$13+IF(ISNUMBER(AU39),AU39*参数!$B$38,0)-AV39*参数!$B$41-AW39*参数!$B$14),0),0) -> 13.074085 | AZ39: =AY39-MAX(AP39,0)*参数!$B$10 -> 7.0740852 | BA39: =IF(MAX(AP39,0)=0,AY39,AY39/MAX(AP39,0)) -> 6.5370426
A40: 39 | B40: ironclad_forgotten_ritual | C40: 铁甲战士 | D40: 被遗忘的仪式 | E40: Forgotten Ritual | F40: 技能 | G40: 罕见 | H40: 1 | I40: 1 | J40: 如果你在本回合消耗过卡牌，则获得3点能量。 | K40: 含消耗效果 | L40: self | M40: 0 | N40: 0 | O40: 1 | P40: 0 | Q40: 0 | R40: 0 | S40: 0 | T40: 0 | U40: 0 | V40: 3 | W40: 4 | X40: 0 | Y40: 0 | Z40: 0 | AA40: 0 | AB40: 0 | AC40: 0 | AD40: 0 | AE40: 0 | AF40: 0 | AG40: 0 | AH40: 0 | AI40: 0 | AJ40: 0 | AK40: none | AN40: 本回合 | AP40: =IF(ISNUMBER(H40),IF(AND(H40=0,V40=0,AK40="none"),0.4,IF(AK40="exhaust",MAX(H40-V40,0.4),IF(AK40="ethereal",MAX(H40-V40,0.4),MAX(H40-V40,0.4)))),IF(AND(AK40="exhaust",OR(H40="X",H40="∞")),0.4,IF(OR(H40="X",H40="∞"),0.4,0.4))) -> 0.4 | AQ40: 0 | AR40: 0 | AT40: v0.110.1 sts2.info | AU40: 0 | AY40: =IFERROR(MAX(IF(IF(AND(F40="能力",AL40="能力持续"),(参数!$B$2-1)*参数!$B$3,0)+M40*O40*参数!$B$5*IF(AND(F40="能力",AL40="能力持续"),参数!$B$2,1)+P40*参数!$B$6*IF(AND(F40="能力",AL40="能力持续"),参数!$B$2,1)+R40*参数!$B$7*IF(AND(F40="能力",AL40="能力持续"),参数!$B$2,1)+V40*参数!$B$8+IF(X40<0,X40*参数!$B$13,X40*参数!$B$39)+IF(AE40<0,AE40*参数!$B$13,AE40*参数!$B$12)*参数!$B$2+AQ40*参数!$B$15+AB40*参数!$B$11+AF40*参数!$B$40*参数!$B$2+AG40*参数!$B$44*参数!$B$2+AH40*参数!$B$6*参数!$B$2+AI40*参数!$B$39*参数!$B$2+AJ40*参数!$B$6*参数!$B$2+Z40*参数!$B$13-T40*参数!$B$14-AD40*参数!$B$13+IF(ISNUMBER(AU40),AU40*参数!$B$38,0)-AV40*参数!$B$41-AW40*参数!$B$14>参数!$B$17,参数!$B$17+SQRT(IF(AND(F40="能力",AL40="能力持续"),(参数!$B$2-1)*参数!$B$3,0)+M40*O40*参数!$B$5*IF(AND(F40="能力",AL40="能力持续"),参数!$B$2,1)+P40*参数!$B$6*IF(AND(F40="能力",AL40="能力持续"),参数!$B$2,1)+R40*参数!$B$7*IF(AND(F40="能力",AL40="能力持续"),参数!$B$2,1)+V40*参数!$B$8+IF(X40<0,X40*参数!$B$13,X40*参数!$B$39)+IF(AE40<0,AE40*参数!$B$13,AE40*参数!$B$12)*参数!$B$2+AQ40*参数!$B$15+AB40*参数!$B$11+AF40*参数!$B$40*参数!$B$2+AG40*参数!$B$44*参数!$B$2+AH40*参数!$B$6*参数!$B$2+AI40*参数!$B$39*参数!$B$2+AJ40*参数!$B$6*参数!$B$2+Z40*参数!$B$13-T40*参数!$B$14-AD40*参数!$B$13+IF(ISNUMBER(AU40),AU40*参数!$B$38,0)-AV40*参数!$B$41-AW40*参数!$B$14-参数!$B$17)*参数!$B$18,IF(AND(F40="能力",AL40="能力持续"),(参数!$B$2-1)*参数!$B$3,0)+M40*O40*参数!$B$5*IF(AND(F40="能力",AL40="能力持续"),参数!$B$2,1)+P40*参数!$B$6*IF(AND(F40="能力",AL40="能力持续"),参数!$B$2,1)+R40*参数!$B$7*IF(AND(F40="能力",AL40="能力持续"),参数!$B$2,1)+V40*参数!$B$8+IF(X40<0,X40*参数!$B$13,X40*参数!$B$39)+IF(AE40<0,AE40*参数!$B$13,AE40*参数!$B$12)*参数!$B$2+AQ40*参数!$B$15+AB40*参数!$B$11+AF40*参数!$B$40*参数!$B$2+AG40*参数!$B$44*参数!$B$2+AH40*参数!$B$6*参数!$B$2+AI40*参数!$B$39*参数!$B$2+AJ40*参数!$B$6*参数!$B$2+Z40*参数!$B$13-T40*参数!$B$14-AD40*参数!$B$13+IF(ISNUMBER(AU40),AU40*参数!$B$38,0)-AV40*参数!$B$41-AW40*参数!$B$14),0),0) -> 9 | AZ40: =AY40-MAX(AP40,0)*参数!$B$10 -> 7.8 | BA40: =IF(MAX(AP40,0)=0,AY40,AY40/MAX(AP40,0)) -> 22.5
A41: 40 | B41: ironclad_grapple | C41: 铁甲战士 | D41: 擒拿 | E41: Grapple | F41: 攻击 | G41: 罕见 | H41: 1 | I41: 1 | J41: 造成7点伤害。 当你在本回合获得格挡时，对该敌人造成5点伤害。 | L41: enemy_single | M41: =7+5 -> 12 | N41: =9+5 -> 14 | O41: 1 | P41: 0 | Q41: 0 | R41: 0 | S41: 0 | T41: 0 | U41: 0 | V41: 0 | W41: 0 | X41: 0 | Y41: 0 | Z41: 0 | AA41: 0 | AB41: 0 | AC41: 0 | AD41: 0 | AE41: 0 | AF41: 0 | AG41: 0 | AH41: 0 | AI41: 0 | AJ41: 0 | AK41: none | AN41: 本回合 | AP41: =IF(ISNUMBER(H41),IF(AND(H41=0,V41=0,AK41="none"),0.4,IF(AK41="exhaust",MAX(H41-V41,0.4),IF(AK41="ethereal",MAX(H41-V41,0.4),MAX(H41-V41,0.4)))),IF(AND(AK41="exhaust",OR(H41="X",H41="∞")),0.4,IF(OR(H41="X",H41="∞"),0.4,0.4))) -> 1 | AQ41: 0 | AR41: 0 | AT41: v0.110.1 sts2.info | AU41: 0 | AY41: =IFERROR(MAX(IF(IF(AND(F41="能力",AL41="能力持续"),(参数!$B$2-1)*参数!$B$3,0)+M41*O41*参数!$B$5*IF(AND(F41="能力",AL41="能力持续"),参数!$B$2,1)+P41*参数!$B$6*IF(AND(F41="能力",AL41="能力持续"),参数!$B$2,1)+R41*参数!$B$7*IF(AND(F41="能力",AL41="能力持续"),参数!$B$2,1)+V41*参数!$B$8+IF(X41<0,X41*参数!$B$13,X41*参数!$B$39)+IF(AE41<0,AE41*参数!$B$13,AE41*参数!$B$12)*参数!$B$2+AQ41*参数!$B$15+AB41*参数!$B$11+AF41*参数!$B$40*参数!$B$2+AG41*参数!$B$44*参数!$B$2+AH41*参数!$B$6*参数!$B$2+AI41*参数!$B$39*参数!$B$2+AJ41*参数!$B$6*参数!$B$2+Z41*参数!$B$13-T41*参数!$B$14-AD41*参数!$B$13+IF(ISNUMBER(AU41),AU41*参数!$B$38,0)-AV41*参数!$B$41-AW41*参数!$B$14>参数!$B$17,参数!$B$17+SQRT(IF(AND(F41="能力",AL41="能力持续"),(参数!$B$2-1)*参数!$B$3,0)+M41*O41*参数!$B$5*IF(AND(F41="能力",AL41="能力持续"),参数!$B$2,1)+P41*参数!$B$6*IF(AND(F41="能力",AL41="能力持续"),参数!$B$2,1)+R41*参数!$B$7*IF(AND(F41="能力",AL41="能力持续"),参数!$B$2,1)+V41*参数!$B$8+IF(X41<0,X41*参数!$B$13,X41*参数!$B$39)+IF(AE41<0,AE41*参数!$B$13,AE41*参数!$B$12)*参数!$B$2+AQ41*参数!$B$15+AB41*参数!$B$11+AF41*参数!$B$40*参数!$B$2+AG41*参数!$B$44*参数!$B$2+AH41*参数!$B$6*参数!$B$2+AI41*参数!$B$39*参数!$B$2+AJ41*参数!$B$6*参数!$B$2+Z41*参数!$B$13-T41*参数!$B$14-AD41*参数!$B$13+IF(ISNUMBER(AU41),AU41*参数!$B$38,0)-AV41*参数!$B$41-AW41*参数!$B$14-参数!$B$17)*参数!$B$18,IF(AND(F41="能力",AL41="能力持续"),(参数!$B$2-1)*参数!$B$3,0)+M41*O41*参数!$B$5*IF(AND(F41="能力",AL41="能力持续"),参数!$B$2,1)+P41*参数!$B$6*IF(AND(F41="能力",AL41="能力持续"),参数!$B$2,1)+R41*参数!$B$7*IF(AND(F41="能力",AL41="能力持续"),参数!$B$2,1)+V41*参数!$B$8+IF(X41<0,X41*参数!$B$13,X41*参数!$B$39)+IF(AE41<0,AE41*参数!$B$13,AE41*参数!$B$12)*参数!$B$2+AQ41*参数!$B$15+AB41*参数!$B$11+AF41*参数!$B$40*参数!$B$2+AG41*参数!$B$44*参数!$B$2+AH41*参数!$B$6*参数!$B$2+AI41*参数!$B$39*参数!$B$2+AJ41*参数!$B$6*参数!$B$2+Z41*参数!$B$13-T41*参数!$B$14-AD41*参数!$B$13+IF(ISNUMBER(AU41),AU41*参数!$B$38,0)-AV41*参数!$B$41-AW41*参数!$B$14),0),0) -> 12.12132 | AZ41: =AY41-MAX(AP41,0)*参数!$B$10 -> 9.1213203 | BA41: =IF(MAX(AP41,0)=0,AY41,AY41/MAX(AP41,0)) -> 12.12132
A42: 41 | B42: ironclad_havoc | C42: 铁甲战士 | D42: 破灭 | E42: Havoc | F42: 技能 | G42: 普通 | H42: 1 | I42: 0 | J42: 打出抽牌堆顶部的牌并将其消耗。 | K42: 含消耗其他牌效果 | L42: self | M42: 0 | N42: 0 | O42: 1 | P42: 0 | Q42: 0 | R42: 0 | S42: 0 | T42: 0 | U42: 0 | V42: 0 | W42: 1 | X42: 0 | Y42: 0 | Z42: 0 | AA42: 0 | AB42: 0 | AC42: 0 | AD42: 0 | AE42: 0 | AF42: 0 | AG42: 0 | AH42: 0 | AI42: 0 | AJ42: 0 | AK42: none | AO42: 含消耗其他牌效果 | AP42: =IF(ISNUMBER(H42),IF(AND(H42=0,V42=0,AK42="none"),0.4,IF(AK42="exhaust",MAX(H42-V42,0.4),IF(AK42="ethereal",MAX(H42-V42,0.4),MAX(H42-V42,0.4)))),IF(AND(AK42="exhaust",OR(H42="X",H42="∞")),0.4,IF(OR(H42="X",H42="∞"),0.4,0.4))) -> 1 | AQ42: =1*参数!$B$48 -> 8 | AR42: 0 | AT42: v0.110.1 sts2.info | AU42: 0 | AY42: =IFERROR(MAX(IF(IF(AND(F42="能力",AL42="能力持续"),(参数!$B$2-1)*参数!$B$3,0)+M42*O42*参数!$B$5*IF(AND(F42="能力",AL42="能力持续"),参数!$B$2,1)+P42*参数!$B$6*IF(AND(F42="能力",AL42="能力持续"),参数!$B$2,1)+R42*参数!$B$7*IF(AND(F42="能力",AL42="能力持续"),参数!$B$2,1)+V42*参数!$B$8+IF(X42<0,X42*参数!$B$13,X42*参数!$B$39)+IF(AE42<0,AE42*参数!$B$13,AE42*参数!$B$12)*参数!$B$2+AQ42*参数!$B$15+AB42*参数!$B$11+AF42*参数!$B$40*参数!$B$2+AG42*参数!$B$44*参数!$B$2+AH42*参数!$B$6*参数!$B$2+AI42*参数!$B$39*参数!$B$2+AJ42*参数!$B$6*参数!$B$2+Z42*参数!$B$13-T42*参数!$B$14-AD42*参数!$B$13+IF(ISNUMBER(AU42),AU42*参数!$B$38,0)-AV42*参数!$B$41-AW42*参数!$B$14>参数!$B$17,参数!$B$17+SQRT(IF(AND(F42="能力",AL42="能力持续"),(参数!$B$2-1)*参数!$B$3,0)+M42*O42*参数!$B$5*IF(AND(F42="能力",AL42="能力持续"),参数!$B$2,1)+P42*参数!$B$6*IF(AND(F42="能力",AL42="能力持续"),参数!$B$2,1)+R42*参数!$B$7*IF(AND(F42="能力",AL42="能力持续"),参数!$B$2,1)+V42*参数!$B$8+IF(X42<0,X42*参数!$B$13,X42*参数!$B$39)+IF(AE42<0,AE42*参数!$B$13,AE42*参数!$B$12)*参数!$B$2+AQ42*参数!$B$15+AB42*参数!$B$11+AF42*参数!$B$40*参数!$B$2+AG42*参数!$B$44*参数!$B$2+AH42*参数!$B$6*参数!$B$2+AI42*参数!$B$39*参数!$B$2+AJ42*参数!$B$6*参数!$B$2+Z42*参数!$B$13-T42*参数!$B$14-AD42*参数!$B$13+IF(ISNUMBER(AU42),AU42*参数!$B$38,0)-AV42*参数!$B$41-AW42*参数!$B$14-参数!$B$17)*参数!$B$18,IF(AND(F42="能力",AL42="能力持续"),(参数!$B$2-1)*参数!$B$3,0)+M42*O42*参数!$B$5*IF(AND(F42="能力",AL42="能力持续"),参数!$B$2,1)+P42*参数!$B$6*IF(AND(F42="能力",AL42="能力持续"),参数!$B$2,1)+R42*参数!$B$7*IF(AND(F42="能力",AL42="能力持续"),参数!$B$2,1)+V42*参数!$B$8+IF(X42<0,X42*参数!$B$13,X42*参数!$B$39)+IF(AE42<0,AE42*参数!$B$13,AE42*参数!$B$12)*参数!$B$2+AQ42*参数!$B$15+AB42*参数!$B$11+AF42*参数!$B$40*参数!$B$2+AG42*参数!$B$44*参数!$B$2+AH42*参数!$B$6*参数!$B$2+AI42*参数!$B$39*参数!$B$2+AJ42*参数!$B$6*参数!$B$2+Z42*参数!$B$13-T42*参数!$B$14-AD42*参数!$B$13+IF(ISNUMBER(AU42),AU42*参数!$B$38,0)-AV42*参数!$B$41-AW42*参数!$B$14),0),0) -> 15.612486 | AZ42: =AY42-MAX(AP42,0)*参数!$B$10 -> 12.612486 | BA42: =IF(MAX(AP42,0)=0,AY42,AY42/MAX(AP42,0)) -> 15.612486
A43: 42 | B43: ironclad_headbutt | C43: 铁甲战士 | D43: 头槌 | E43: Headbutt | F43: 攻击 | G43: 普通 | H43: 1 | I43: 1 | J43: 造成9点伤害。 将你弃牌堆中的一张牌放到抽牌堆顶部。 | L43: enemy_single | M43: 9 | N43: 12 | O43: 1 | P43: 0 | Q43: 0 | R43: 0 | S43: 0 | T43: 0 | U43: 0 | V43: 0 | W43: 0 | X43: 0 | Y43: 0 | Z43: 0 | AA43: 0 | AB43: 0 | AC43: 0 | AD43: 0 | AE43: 0 | AF43: 0 | AG43: 0 | AH43: 0 | AI43: 0 | AJ43: 0 | AK43: none | AP43: =IF(ISNUMBER(H43),IF(AND(H43=0,V43=0,AK43="none"),0.4,IF(AK43="exhaust",MAX(H43-V43,0.4),IF(AK43="ethereal",MAX(H43-V43,0.4),MAX(H43-V43,0.4)))),IF(AND(AK43="exhaust",OR(H43="X",H43="∞")),0.4,IF(OR(H43="X",H43="∞"),0.4,0.4))) -> 1 | AQ43: 0 | AR43: 0 | AT43: v0.110.1 sts2.info | AU43: 0 | AY43: =IFERROR(MAX(IF(IF(AND(F43="能力",AL43="能力持续"),(参数!$B$2-1)*参数!$B$3,0)+M43*O43*参数!$B$5*IF(AND(F43="能力",AL43="能力持续"),参数!$B$2,1)+P43*参数!$B$6*IF(AND(F43="能力",AL43="能力持续"),参数!$B$2,1)+R43*参数!$B$7*IF(AND(F43="能力",AL43="能力持续"),参数!$B$2,1)+V43*参数!$B$8+IF(X43<0,X43*参数!$B$13,X43*参数!$B$39)+IF(AE43<0,AE43*参数!$B$13,AE43*参数!$B$12)*参数!$B$2+AQ43*参数!$B$15+AB43*参数!$B$11+AF43*参数!$B$40*参数!$B$2+AG43*参数!$B$44*参数!$B$2+AH43*参数!$B$6*参数!$B$2+AI43*参数!$B$39*参数!$B$2+AJ43*参数!$B$6*参数!$B$2+Z43*参数!$B$13-T43*参数!$B$14-AD43*参数!$B$13+IF(ISNUMBER(AU43),AU43*参数!$B$38,0)-AV43*参数!$B$41-AW43*参数!$B$14>参数!$B$17,参数!$B$17+SQRT(IF(AND(F43="能力",AL43="能力持续"),(参数!$B$2-1)*参数!$B$3,0)+M43*O43*参数!$B$5*IF(AND(F43="能力",AL43="能力持续"),参数!$B$2,1)+P43*参数!$B$6*IF(AND(F43="能力",AL43="能力持续"),参数!$B$2,1)+R43*参数!$B$7*IF(AND(F43="能力",AL43="能力持续"),参数!$B$2,1)+V43*参数!$B$8+IF(X43<0,X43*参数!$B$13,X43*参数!$B$39)+IF(AE43<0,AE43*参数!$B$13,AE43*参数!$B$12)*参数!$B$2+AQ43*参数!$B$15+AB43*参数!$B$11+AF43*参数!$B$40*参数!$B$2+AG43*参数!$B$44*参数!$B$2+AH43*参数!$B$6*参数!$B$2+AI43*参数!$B$39*参数!$B$2+AJ43*参数!$B$6*参数!$B$2+Z43*参数!$B$13-T43*参数!$B$14-AD43*参数!$B$13+IF(ISNUMBER(AU43),AU43*参数!$B$38,0)-AV43*参数!$B$41-AW43*参数!$B$14-参数!$B$17)*参数!$B$18,IF(AND(F43="能力",AL43="能力持续"),(参数!$B$2-1)*参数!$B$3,0)+M43*O43*参数!$B$5*IF(AND(F43="能力",AL43="能力持续"),参数!$B$2,1)+P43*参数!$B$6*IF(AND(F43="能力",AL43="能力持续"),参数!$B$2,1)+R43*参数!$B$7*IF(AND(F43="能力",AL43="能力持续"),参数!$B$2,1)+V43*参数!$B$8+IF(X43<0,X43*参数!$B$13,X43*参数!$B$39)+IF(AE43<0,AE43*参数!$B$13,AE43*参数!$B$12)*参数!$B$2+AQ43*参数!$B$15+AB43*参数!$B$11+AF43*参数!$B$40*参数!$B$2+AG43*参数!$B$44*参数!$B$2+AH43*参数!$B$6*参数!$B$2+AI43*参数!$B$39*参数!$B$2+AJ43*参数!$B$6*参数!$B$2+Z43*参数!$B$13-T43*参数!$B$14-AD43*参数!$B$13+IF(ISNUMBER(AU43),AU43*参数!$B$38,0)-AV43*参数!$B$41-AW43*参数!$B$14),0),0) -> 9 | AZ43: =AY43-MAX(AP43,0)*参数!$B$10 -> 6 | BA43: =IF(MAX(AP43,0)=0,AY43,AY43/MAX(AP43,0)) -> 9
A44: 43 | B44: ironclad_hellraiser | C44: 铁甲战士 | D44: 地狱狂徒 | E44: Hellraiser | F44: 能力 | G44: 稀有 | H44: 2 | I44: 1 | J44: 每当你抽到名字中有“打击”的牌时，对一名随机敌人打出这张牌。 | L44: enemy_random | M44: 0 | N44: 0 | O44: 1 | P44: 0 | Q44: 0 | R44: 0 | S44: 0 | T44: 0 | U44: 0 | V44: 0 | W44: 5 | X44: 0 | Y44: 0 | Z44: 0 | AA44: 0 | AB44: 0 | AC44: 0 | AD44: 0 | AE44: 0 | AF44: 0 | AG44: 0 | AH44: 0 | AI44: 0 | AJ44: 0 | AK44: none | AL44: 能力持续 | AN44: 能力 | AP44: =IF(ISNUMBER(H44),IF(AND(H44=0,V44=0,AK44="none"),0.4,IF(AK44="exhaust",MAX(H44-V44,0.4),IF(AK44="ethereal",MAX(H44-V44,0.4),MAX(H44-V44,0.4)))),IF(AND(AK44="exhaust",OR(H44="X",H44="∞")),0.4,IF(OR(H44="X",H44="∞"),0.4,0.4))) -> 2 | AQ44: 0 | AR44: 0 | AT44: v0.110.1 sts2.info | AU44: 0 | AY44: =IFERROR(MAX(IF(IF(AND(F44="能力",AL44="能力持续"),(参数!$B$2-1)*参数!$B$3,0)+M44*O44*参数!$B$5*IF(AND(F44="能力",AL44="能力持续"),参数!$B$2,1)+P44*参数!$B$6*IF(AND(F44="能力",AL44="能力持续"),参数!$B$2,1)+R44*参数!$B$7*IF(AND(F44="能力",AL44="能力持续"),参数!$B$2,1)+V44*参数!$B$8+IF(X44<0,X44*参数!$B$13,X44*参数!$B$39)+IF(AE44<0,AE44*参数!$B$13,AE44*参数!$B$12)*参数!$B$2+AQ44*参数!$B$15+AB44*参数!$B$11+AF44*参数!$B$40*参数!$B$2+AG44*参数!$B$44*参数!$B$2+AH44*参数!$B$6*参数!$B$2+AI44*参数!$B$39*参数!$B$2+AJ44*参数!$B$6*参数!$B$2+Z44*参数!$B$13-T44*参数!$B$14-AD44*参数!$B$13+IF(ISNUMBER(AU44),AU44*参数!$B$38,0)-AV44*参数!$B$41-AW44*参数!$B$14>参数!$B$17,参数!$B$17+SQRT(IF(AND(F44="能力",AL44="能力持续"),(参数!$B$2-1)*参数!$B$3,0)+M44*O44*参数!$B$5*IF(AND(F44="能力",AL44="能力持续"),参数!$B$2,1)+P44*参数!$B$6*IF(AND(F44="能力",AL44="能力持续"),参数!$B$2,1)+R44*参数!$B$7*IF(AND(F44="能力",AL44="能力持续"),参数!$B$2,1)+V44*参数!$B$8+IF(X44<0,X44*参数!$B$13,X44*参数!$B$39)+IF(AE44<0,AE44*参数!$B$13,AE44*参数!$B$12)*参数!$B$2+AQ44*参数!$B$15+AB44*参数!$B$11+AF44*参数!$B$40*参数!$B$2+AG44*参数!$B$44*参数!$B$2+AH44*参数!$B$6*参数!$B$2+AI44*参数!$B$39*参数!$B$2+AJ44*参数!$B$6*参数!$B$2+Z44*参数!$B$13-T44*参数!$B$14-AD44*参数!$B$13+IF(ISNUMBER(AU44),AU44*参数!$B$38,0)-AV44*参数!$B$41-AW44*参数!$B$14-参数!$B$17)*参数!$B$18,IF(AND(F44="能力",AL44="能力持续"),(参数!$B$2-1)*参数!$B$3,0)+M44*O44*参数!$B$5*IF(AND(F44="能力",AL44="能力持续"),参数!$B$2,1)+P44*参数!$B$6*IF(AND(F44="能力",AL44="能力持续"),参数!$B$2,1)+R44*参数!$B$7*IF(AND(F44="能力",AL44="能力持续"),参数!$B$2,1)+V44*参数!$B$8+IF(X44<0,X44*参数!$B$13,X44*参数!$B$39)+IF(AE44<0,AE44*参数!$B$13,AE44*参数!$B$12)*参数!$B$2+AQ44*参数!$B$15+AB44*参数!$B$11+AF44*参数!$B$40*参数!$B$2+AG44*参数!$B$44*参数!$B$2+AH44*参数!$B$6*参数!$B$2+AI44*参数!$B$39*参数!$B$2+AJ44*参数!$B$6*参数!$B$2+Z44*参数!$B$13-T44*参数!$B$14-AD44*参数!$B$13+IF(ISNUMBER(AU44),AU44*参数!$B$38,0)-AV44*参数!$B$41-AW44*参数!$B$14),0),0) -> 3.6 | AZ44: =AY44-MAX(AP44,0)*参数!$B$10 -> -2.4 | BA44: =IF(MAX(AP44,0)=0,AY44,AY44/MAX(AP44,0)) -> 1.8
A45: 44 | B45: ironclad_hemokinesis | C45: 铁甲战士 | D45: 血动能 | E45: Hemokinesis | F45: 攻击 | G45: 罕见 | H45: 1 | I45: 1 | J45: 失去2点生命。 造成15点伤害。 | L45: enemy_single | M45: 15 | N45: 20 | O45: 1 | P45: 0 | Q45: 0 | R45: 0 | S45: 0 | T45: 0 | U45: 0 | V45: 0 | W45: 0 | X45: 0 | Y45: 0 | Z45: 0 | AA45: 0 | AB45: 0 | AC45: 0 | AD45: 0 | AE45: 0 | AF45: 0 | AG45: 0 | AH45: 0 | AI45: 0 | AJ45: 0 | AK45: none | AP45: =IF(ISNUMBER(H45),IF(AND(H45=0,V45=0,AK45="none"),0.4,IF(AK45="exhaust",MAX(H45-V45,0.4),IF(AK45="ethereal",MAX(H45-V45,0.4),MAX(H45-V45,0.4)))),IF(AND(AK45="exhaust",OR(H45="X",H45="∞")),0.4,IF(OR(H45="X",H45="∞"),0.4,0.4))) -> 1 | AQ45: 0 | AR45: 0 | AT45: v0.110.1 sts2.info | AU45: 0 | AY45: =IFERROR(MAX(IF(IF(AND(F45="能力",AL45="能力持续"),(参数!$B$2-1)*参数!$B$3,0)+M45*O45*参数!$B$5*IF(AND(F45="能力",AL45="能力持续"),参数!$B$2,1)+P45*参数!$B$6*IF(AND(F45="能力",AL45="能力持续"),参数!$B$2,1)+R45*参数!$B$7*IF(AND(F45="能力",AL45="能力持续"),参数!$B$2,1)+V45*参数!$B$8+IF(X45<0,X45*参数!$B$13,X45*参数!$B$39)+IF(AE45<0,AE45*参数!$B$13,AE45*参数!$B$12)*参数!$B$2+AQ45*参数!$B$15+AB45*参数!$B$11+AF45*参数!$B$40*参数!$B$2+AG45*参数!$B$44*参数!$B$2+AH45*参数!$B$6*参数!$B$2+AI45*参数!$B$39*参数!$B$2+AJ45*参数!$B$6*参数!$B$2+Z45*参数!$B$13-T45*参数!$B$14-AD45*参数!$B$13+IF(ISNUMBER(AU45),AU45*参数!$B$38,0)-AV45*参数!$B$41-AW45*参数!$B$14>参数!$B$17,参数!$B$17+SQRT(IF(AND(F45="能力",AL45="能力持续"),(参数!$B$2-1)*参数!$B$3,0)+M45*O45*参数!$B$5*IF(AND(F45="能力",AL45="能力持续"),参数!$B$2,1)+P45*参数!$B$6*IF(AND(F45="能力",AL45="能力持续"),参数!$B$2,1)+R45*参数!$B$7*IF(AND(F45="能力",AL45="能力持续"),参数!$B$2,1)+V45*参数!$B$8+IF(X45<0,X45*参数!$B$13,X45*参数!$B$39)+IF(AE45<0,AE45*参数!$B$13,AE45*参数!$B$12)*参数!$B$2+AQ45*参数!$B$15+AB45*参数!$B$11+AF45*参数!$B$40*参数!$B$2+AG45*参数!$B$44*参数!$B$2+AH45*参数!$B$6*参数!$B$2+AI45*参数!$B$39*参数!$B$2+AJ45*参数!$B$6*参数!$B$2+Z45*参数!$B$13-T45*参数!$B$14-AD45*参数!$B$13+IF(ISNUMBER(AU45),AU45*参数!$B$38,0)-AV45*参数!$B$41-AW45*参数!$B$14-参数!$B$17)*参数!$B$18,IF(AND(F45="能力",AL45="能力持续"),(参数!$B$2-1)*参数!$B$3,0)+M45*O45*参数!$B$5*IF(AND(F45="能力",AL45="能力持续"),参数!$B$2,1)+P45*参数!$B$6*IF(AND(F45="能力",AL45="能力持续"),参数!$B$2,1)+R45*参数!$B$7*IF(AND(F45="能力",AL45="能力持续"),参数!$B$2,1)+V45*参数!$B$8+IF(X45<0,X45*参数!$B$13,X45*参数!$B$39)+IF(AE45<0,AE45*参数!$B$13,AE45*参数!$B$12)*参数!$B$2+AQ45*参数!$B$15+AB45*参数!$B$11+AF45*参数!$B$40*参数!$B$2+AG45*参数!$B$44*参数!$B$2+AH45*参数!$B$6*参数!$B$2+AI45*参数!$B$39*参数!$B$2+AJ45*参数!$B$6*参数!$B$2+Z45*参数!$B$13-T45*参数!$B$14-AD45*参数!$B$13+IF(ISNUMBER(AU45),AU45*参数!$B$38,0)-AV45*参数!$B$41-AW45*参数!$B$14),0),0) -> 13.354102 | AZ45: =AY45-MAX(AP45,0)*参数!$B$10 -> 10.354102 | BA45: =IF(MAX(AP45,0)=0,AY45,AY45/MAX(AP45,0)) -> 13.354102
A46: 45 | B46: ironclad_howl_from_beyond | C46: 铁甲战士 | D46: 彼岸咆哮 | E46: Howl from Beyond | F46: 攻击 | G46: 罕见 | H46: 3 | I46: 3 | J46: 对所有敌人造成16点伤害。 在你的回合开始时，如果这张牌在你的消耗牌堆中，则将其打出。 | K46: 含消耗其他牌效果 | L46: enemy_all | M46: 16 | N46: 21 | O46: 1 | P46: 0 | Q46: 0 | R46: 0 | S46: 0 | T46: 0 | U46: 0 | V46: 0 | W46: 0 | X46: 0 | Y46: 0 | Z46: 0 | AA46: 0 | AB46: 0 | AC46: 0 | AD46: 0 | AE46: 0 | AF46: 0 | AG46: 0 | AH46: 0 | AI46: 0 | AJ46: 0 | AK46: none | AN46: 群体攻击 | AO46: 含消耗其他牌效果 | AP46: =IF(ISNUMBER(H46),IF(AND(H46=0,V46=0,AK46="none"),0.4,IF(AK46="exhaust",MAX(H46-V46,0.4),IF(AK46="ethereal",MAX(H46-V46,0.4),MAX(H46-V46,0.4)))),IF(AND(AK46="exhaust",OR(H46="X",H46="∞")),0.4,IF(OR(H46="X",H46="∞"),0.4,0.4))) -> 3 | AQ46: 0 | AR46: 0 | AT46: v0.110.1 sts2.info | AU46: 0 | AY46: =IFERROR(MAX(IF(IF(AND(F46="能力",AL46="能力持续"),(参数!$B$2-1)*参数!$B$3,0)+M46*O46*参数!$B$5*IF(AND(F46="能力",AL46="能力持续"),参数!$B$2,1)+P46*参数!$B$6*IF(AND(F46="能力",AL46="能力持续"),参数!$B$2,1)+R46*参数!$B$7*IF(AND(F46="能力",AL46="能力持续"),参数!$B$2,1)+V46*参数!$B$8+IF(X46<0,X46*参数!$B$13,X46*参数!$B$39)+IF(AE46<0,AE46*参数!$B$13,AE46*参数!$B$12)*参数!$B$2+AQ46*参数!$B$15+AB46*参数!$B$11+AF46*参数!$B$40*参数!$B$2+AG46*参数!$B$44*参数!$B$2+AH46*参数!$B$6*参数!$B$2+AI46*参数!$B$39*参数!$B$2+AJ46*参数!$B$6*参数!$B$2+Z46*参数!$B$13-T46*参数!$B$14-AD46*参数!$B$13+IF(ISNUMBER(AU46),AU46*参数!$B$38,0)-AV46*参数!$B$41-AW46*参数!$B$14>参数!$B$17,参数!$B$17+SQRT(IF(AND(F46="能力",AL46="能力持续"),(参数!$B$2-1)*参数!$B$3,0)+M46*O46*参数!$B$5*IF(AND(F46="能力",AL46="能力持续"),参数!$B$2,1)+P46*参数!$B$6*IF(AND(F46="能力",AL46="能力持续"),参数!$B$2,1)+R46*参数!$B$7*IF(AND(F46="能力",AL46="能力持续"),参数!$B$2,1)+V46*参数!$B$8+IF(X46<0,X46*参数!$B$13,X46*参数!$B$39)+IF(AE46<0,AE46*参数!$B$13,AE46*参数!$B$12)*参数!$B$2+AQ46*参数!$B$15+AB46*参数!$B$11+AF46*参数!$B$40*参数!$B$2+AG46*参数!$B$44*参数!$B$2+AH46*参数!$B$6*参数!$B$2+AI46*参数!$B$39*参数!$B$2+AJ46*参数!$B$6*参数!$B$2+Z46*参数!$B$13-T46*参数!$B$14-AD46*参数!$B$13+IF(ISNUMBER(AU46),AU46*参数!$B$38,0)-AV46*参数!$B$41-AW46*参数!$B$14-参数!$B$17)*参数!$B$18,IF(AND(F46="能力",AL46="能力持续"),(参数!$B$2-1)*参数!$B$3,0)+M46*O46*参数!$B$5*IF(AND(F46="能力",AL46="能力持续"),参数!$B$2,1)+P46*参数!$B$6*IF(AND(F46="能力",AL46="能力持续"),参数!$B$2,1)+R46*参数!$B$7*IF(AND(F46="能力",AL46="能力持续"),参数!$B$2,1)+V46*参数!$B$8+IF(X46<0,X46*参数!$B$13,X46*参数!$B$39)+IF(AE46<0,AE46*参数!$B$13,AE46*参数!$B$12)*参数!$B$2+AQ46*参数!$B$15+AB46*参数!$B$11+AF46*参数!$B$40*参数!$B$2+AG46*参数!$B$44*参数!$B$2+AH46*参数!$B$6*参数!$B$2+AI46*参数!$B$39*参数!$B$2+AJ46*参数!$B$6*参数!$B$2+Z46*参数!$B$13-T46*参数!$B$14-AD46*参数!$B$13+IF(ISNUMBER(AU46),AU46*参数!$B$38,0)-AV46*参数!$B$41-AW46*参数!$B$14),0),0) -> 13.674235 | AZ46: =AY46-MAX(AP46,0)*参数!$B$10 -> 4.6742346 | BA46: =IF(MAX(AP46,0)=0,AY46,AY46/MAX(AP46,0)) -> 4.5580782
A47: 46 | B47: ironclad_impervious | C47: 铁甲战士 | D47: 岿然不动 | E47: Impervious | F47: 技能 | G47: 稀有 | H47: 2 | I47: 2 | J47: 获得30点格挡。 | L47: self | M47: 0 | N47: 0 | O47: 1 | P47: 30 | Q47: 40 | R47: 0 | S47: 0 | T47: 0 | U47: 0 | V47: 0 | W47: 0 | X47: 0 | Y47: 0 | Z47: 0 | AA47: 0 | AB47: 0 | AC47: 0 | AD47: 0 | AE47: 0 | AF47: 0 | AG47: 0 | AH47: 0 | AI47: 0 | AJ47: 0 | AK47: none | AP47: =IF(ISNUMBER(H47),IF(AND(H47=0,V47=0,AK47="none"),0.4,IF(AK47="exhaust",MAX(H47-V47,0.4),IF(AK47="ethereal",MAX(H47-V47,0.4),MAX(H47-V47,0.4)))),IF(AND(AK47="exhaust",OR(H47="X",H47="∞")),0.4,IF(OR(H47="X",H47="∞"),0.4,0.4))) -> 2 | AQ47: 0 | AR47: 0 | AT47: v0.110.1 sts2.info | AU47: 0 | AY47: =IFERROR(MAX(IF(IF(AND(F47="能力",AL47="能力持续"),(参数!$B$2-1)*参数!$B$3,0)+M47*O47*参数!$B$5*IF(AND(F47="能力",AL47="能力持续"),参数!$B$2,1)+P47*参数!$B$6*IF(AND(F47="能力",AL47="能力持续"),参数!$B$2,1)+R47*参数!$B$7*IF(AND(F47="能力",AL47="能力持续"),参数!$B$2,1)+V47*参数!$B$8+IF(X47<0,X47*参数!$B$13,X47*参数!$B$39)+IF(AE47<0,AE47*参数!$B$13,AE47*参数!$B$12)*参数!$B$2+AQ47*参数!$B$15+AB47*参数!$B$11+AF47*参数!$B$40*参数!$B$2+AG47*参数!$B$44*参数!$B$2+AH47*参数!$B$6*参数!$B$2+AI47*参数!$B$39*参数!$B$2+AJ47*参数!$B$6*参数!$B$2+Z47*参数!$B$13-T47*参数!$B$14-AD47*参数!$B$13+IF(ISNUMBER(AU47),AU47*参数!$B$38,0)-AV47*参数!$B$41-AW47*参数!$B$14>参数!$B$17,参数!$B$17+SQRT(IF(AND(F47="能力",AL47="能力持续"),(参数!$B$2-1)*参数!$B$3,0)+M47*O47*参数!$B$5*IF(AND(F47="能力",AL47="能力持续"),参数!$B$2,1)+P47*参数!$B$6*IF(AND(F47="能力",AL47="能力持续"),参数!$B$2,1)+R47*参数!$B$7*IF(AND(F47="能力",AL47="能力持续"),参数!$B$2,1)+V47*参数!$B$8+IF(X47<0,X47*参数!$B$13,X47*参数!$B$39)+IF(AE47<0,AE47*参数!$B$13,AE47*参数!$B$12)*参数!$B$2+AQ47*参数!$B$15+AB47*参数!$B$11+AF47*参数!$B$40*参数!$B$2+AG47*参数!$B$44*参数!$B$2+AH47*参数!$B$6*参数!$B$2+AI47*参数!$B$39*参数!$B$2+AJ47*参数!$B$6*参数!$B$2+Z47*参数!$B$13-T47*参数!$B$14-AD47*参数!$B$13+IF(ISNUMBER(AU47),AU47*参数!$B$38,0)-AV47*参数!$B$41-AW47*参数!$B$14-参数!$B$17)*参数!$B$18,IF(AND(F47="能力",AL47="能力持续"),(参数!$B$2-1)*参数!$B$3,0)+M47*O47*参数!$B$5*IF(AND(F47="能力",AL47="能力持续"),参数!$B$2,1)+P47*参数!$B$6*IF(AND(F47="能力",AL47="能力持续"),参数!$B$2,1)+R47*参数!$B$7*IF(AND(F47="能力",AL47="能力持续"),参数!$B$2,1)+V47*参数!$B$8+IF(X47<0,X47*参数!$B$13,X47*参数!$B$39)+IF(AE47<0,AE47*参数!$B$13,AE47*参数!$B$12)*参数!$B$2+AQ47*参数!$B$15+AB47*参数!$B$11+AF47*参数!$B$40*参数!$B$2+AG47*参数!$B$44*参数!$B$2+AH47*参数!$B$6*参数!$B$2+AI47*参数!$B$39*参数!$B$2+AJ47*参数!$B$6*参数!$B$2+Z47*参数!$B$13-T47*参数!$B$14-AD47*参数!$B$13+IF(ISNUMBER(AU47),AU47*参数!$B$38,0)-AV47*参数!$B$41-AW47*参数!$B$14),0),0) -> 17.193747 | AZ47: =AY47-MAX(AP47,0)*参数!$B$10 -> 11.193747 | BA47: =IF(MAX(AP47,0)=0,AY47,AY47/MAX(AP47,0)) -> 8.5968736
A48: 47 | B48: ironclad_infernal_blade | C48: 铁甲战士 | D48: 地狱之刃 | E48: Infernal Blade | F48: 技能 | G48: 罕见 | H48: 1 | I48: 0 | J48: 将一张随机攻击牌加入你的手牌。那张牌在本回合内可以免费打出。 | L48: enemy_single | M48: 9 | N48: 12 | O48: 1 | P48: 0 | Q48: 0 | R48: 0 | S48: 0 | T48: 0 | U48: 0 | V48: 0 | W48: 0 | X48: 0 | Y48: 0 | Z48: 0 | AA48: 0 | AB48: 0 | AC48: 0 | AD48: 0 | AE48: 0 | AF48: 0 | AG48: 0 | AH48: 0 | AI48: 0 | AJ48: 0 | AK48: none | AN48: 本回合 | AP48: =IF(ISNUMBER(H48),IF(AND(H48=0,V48=0,AK48="none"),0.4,IF(AK48="exhaust",MAX(H48-V48,0.4),IF(AK48="ethereal",MAX(H48-V48,0.4),MAX(H48-V48,0.4)))),IF(AND(AK48="exhaust",OR(H48="X",H48="∞")),0.4,IF(OR(H48="X",H48="∞"),0.4,0.4))) -> 1 | AQ48: 0 | AR48: 0 | AT48: v0.110.1 sts2.info | AU48: 0 | AY48: =IFERROR(MAX(IF(IF(AND(F48="能力",AL48="能力持续"),(参数!$B$2-1)*参数!$B$3,0)+M48*O48*参数!$B$5*IF(AND(F48="能力",AL48="能力持续"),参数!$B$2,1)+P48*参数!$B$6*IF(AND(F48="能力",AL48="能力持续"),参数!$B$2,1)+R48*参数!$B$7*IF(AND(F48="能力",AL48="能力持续"),参数!$B$2,1)+V48*参数!$B$8+IF(X48<0,X48*参数!$B$13,X48*参数!$B$39)+IF(AE48<0,AE48*参数!$B$13,AE48*参数!$B$12)*参数!$B$2+AQ48*参数!$B$15+AB48*参数!$B$11+AF48*参数!$B$40*参数!$B$2+AG48*参数!$B$44*参数!$B$2+AH48*参数!$B$6*参数!$B$2+AI48*参数!$B$39*参数!$B$2+AJ48*参数!$B$6*参数!$B$2+Z48*参数!$B$13-T48*参数!$B$14-AD48*参数!$B$13+IF(ISNUMBER(AU48),AU48*参数!$B$38,0)-AV48*参数!$B$41-AW48*参数!$B$14>参数!$B$17,参数!$B$17+SQRT(IF(AND(F48="能力",AL48="能力持续"),(参数!$B$2-1)*参数!$B$3,0)+M48*O48*参数!$B$5*IF(AND(F48="能力",AL48="能力持续"),参数!$B$2,1)+P48*参数!$B$6*IF(AND(F48="能力",AL48="能力持续"),参数!$B$2,1)+R48*参数!$B$7*IF(AND(F48="能力",AL48="能力持续"),参数!$B$2,1)+V48*参数!$B$8+IF(X48<0,X48*参数!$B$13,X48*参数!$B$39)+IF(AE48<0,AE48*参数!$B$13,AE48*参数!$B$12)*参数!$B$2+AQ48*参数!$B$15+AB48*参数!$B$11+AF48*参数!$B$40*参数!$B$2+AG48*参数!$B$44*参数!$B$2+AH48*参数!$B$6*参数!$B$2+AI48*参数!$B$39*参数!$B$2+AJ48*参数!$B$6*参数!$B$2+Z48*参数!$B$13-T48*参数!$B$14-AD48*参数!$B$13+IF(ISNUMBER(AU48),AU48*参数!$B$38,0)-AV48*参数!$B$41-AW48*参数!$B$14-参数!$B$17)*参数!$B$18,IF(AND(F48="能力",AL48="能力持续"),(参数!$B$2-1)*参数!$B$3,0)+M48*O48*参数!$B$5*IF(AND(F48="能力",AL48="能力持续"),参数!$B$2,1)+P48*参数!$B$6*IF(AND(F48="能力",AL48="能力持续"),参数!$B$2,1)+R48*参数!$B$7*IF(AND(F48="能力",AL48="能力持续"),参数!$B$2,1)+V48*参数!$B$8+IF(X48<0,X48*参数!$B$13,X48*参数!$B$39)+IF(AE48<0,AE48*参数!$B$13,AE48*参数!$B$12)*参数!$B$2+AQ48*参数!$B$15+AB48*参数!$B$11+AF48*参数!$B$40*参数!$B$2+AG48*参数!$B$44*参数!$B$2+AH48*参数!$B$6*参数!$B$2+AI48*参数!$B$39*参数!$B$2+AJ48*参数!$B$6*参数!$B$2+Z48*参数!$B$13-T48*参数!$B$14-AD48*参数!$B$13+IF(ISNUMBER(AU48),AU48*参数!$B$38,0)-AV48*参数!$B$41-AW48*参数!$B$14),0),0) -> 9 | AZ48: =AY48-MAX(AP48,0)*参数!$B$10 -> 6 | BA48: =IF(MAX(AP48,0)=0,AY48,AY48/MAX(AP48,0)) -> 9
A49: 48 | B49: ironclad_inferno | C49: 铁甲战士 | D49: 狱火 | E49: Inferno | F49: 能力 | G49: 罕见 | H49: 1 | I49: 1 | J49: 在你的回合开始时，失去1点生命。 每当你在你的回合内失去生命时，对所有敌人造成6点伤害。 | L49: enemy_all | M49: 6 | N49: 9 | O49: 1 | P49: 0 | Q49: 0 | R49: 0 | S49: 0 | T49: 0 | U49: 0 | V49: 0 | W49: 0 | X49: 0 | Y49: 0 | Z49: 0 | AA49: 0 | AB49: 0 | AC49: 0 | AD49: 0 | AE49: 0 | AF49: 0 | AG49: 0 | AH49: 0 | AI49: 0 | AJ49: 0 | AK49: none | AL49: 能力持续 | AN49: 群体攻击，能力 | AP49: =IF(ISNUMBER(H49),IF(AND(H49=0,V49=0,AK49="none"),0.4,IF(AK49="exhaust",MAX(H49-V49,0.4),IF(AK49="ethereal",MAX(H49-V49,0.4),MAX(H49-V49,0.4)))),IF(AND(AK49="exhaust",OR(H49="X",H49="∞")),0.4,IF(OR(H49="X",H49="∞"),0.4,0.4))) -> 1 | AQ49: 0 | AR49: 0 | AT49: v0.110.1 sts2.info | AU49: 0 | AV49: 1 | AY49: =IFERROR(MAX(IF(IF(AND(F49="能力",AL49="能力持续"),(参数!$B$2-1)*参数!$B$3,0)+M49*O49*参数!$B$5*IF(AND(F49="能力",AL49="能力持续"),参数!$B$2,1)+P49*参数!$B$6*IF(AND(F49="能力",AL49="能力持续"),参数!$B$2,1)+R49*参数!$B$7*IF(AND(F49="能力",AL49="能力持续"),参数!$B$2,1)+V49*参数!$B$8+IF(X49<0,X49*参数!$B$13,X49*参数!$B$39)+IF(AE49<0,AE49*参数!$B$13,AE49*参数!$B$12)*参数!$B$2+AQ49*参数!$B$15+AB49*参数!$B$11+AF49*参数!$B$40*参数!$B$2+AG49*参数!$B$44*参数!$B$2+AH49*参数!$B$6*参数!$B$2+AI49*参数!$B$39*参数!$B$2+AJ49*参数!$B$6*参数!$B$2+Z49*参数!$B$13-T49*参数!$B$14-AD49*参数!$B$13+IF(ISNUMBER(AU49),AU49*参数!$B$38,0)-AV49*参数!$B$41-AW49*参数!$B$14>参数!$B$17,参数!$B$17+SQRT(IF(AND(F49="能力",AL49="能力持续"),(参数!$B$2-1)*参数!$B$3,0)+M49*O49*参数!$B$5*IF(AND(F49="能力",AL49="能力持续"),参数!$B$2,1)+P49*参数!$B$6*IF(AND(F49="能力",AL49="能力持续"),参数!$B$2,1)+R49*参数!$B$7*IF(AND(F49="能力",AL49="能力持续"),参数!$B$2,1)+V49*参数!$B$8+IF(X49<0,X49*参数!$B$13,X49*参数!$B$39)+IF(AE49<0,AE49*参数!$B$13,AE49*参数!$B$12)*参数!$B$2+AQ49*参数!$B$15+AB49*参数!$B$11+AF49*参数!$B$40*参数!$B$2+AG49*参数!$B$44*参数!$B$2+AH49*参数!$B$6*参数!$B$2+AI49*参数!$B$39*参数!$B$2+AJ49*参数!$B$6*参数!$B$2+Z49*参数!$B$13-T49*参数!$B$14-AD49*参数!$B$13+IF(ISNUMBER(AU49),AU49*参数!$B$38,0)-AV49*参数!$B$41-AW49*参数!$B$14-参数!$B$17)*参数!$B$18,IF(AND(F49="能力",AL49="能力持续"),(参数!$B$2-1)*参数!$B$3,0)+M49*O49*参数!$B$5*IF(AND(F49="能力",AL49="能力持续"),参数!$B$2,1)+P49*参数!$B$6*IF(AND(F49="能力",AL49="能力持续"),参数!$B$2,1)+R49*参数!$B$7*IF(AND(F49="能力",AL49="能力持续"),参数!$B$2,1)+V49*参数!$B$8+IF(X49<0,X49*参数!$B$13,X49*参数!$B$39)+IF(AE49<0,AE49*参数!$B$13,AE49*参数!$B$12)*参数!$B$2+AQ49*参数!$B$15+AB49*参数!$B$11+AF49*参数!$B$40*参数!$B$2+AG49*参数!$B$44*参数!$B$2+AH49*参数!$B$6*参数!$B$2+AI49*参数!$B$39*参数!$B$2+AJ49*参数!$B$6*参数!$B$2+Z49*参数!$B$13-T49*参数!$B$14-AD49*参数!$B$13+IF(ISNUMBER(AU49),AU49*参数!$B$38,0)-AV49*参数!$B$41-AW49*参数!$B$14),0),0) -> 15.731492 | AZ49: =AY49-MAX(AP49,0)*参数!$B$10 -> 12.731492 | BA49: =IF(MAX(AP49,0)=0,AY49,AY49/MAX(AP49,0)) -> 15.731492
A50: 49 | B50: ironclad_inflame | C50: 铁甲战士 | D50: 燃烧 | E50: Inflame | F50: 能力 | G50: 罕见 | H50: 1 | I50: 1 | J50: 获得2点力量。 | L50: self | M50: 0 | N50: 0 | O50: 1 | P50: 0 | Q50: 0 | R50: 0 | S50: 0 | T50: 0 | U50: 0 | V50: 0 | W50: 0 | X50: 0 | Y50: 0 | Z50: 0 | AA50: 0 | AB50: 0 | AC50: 0 | AD50: 0 | AE50: 2 | AF50: 0 | AG50: 0 | AH50: 0 | AI50: 0 | AJ50: 0 | AK50: none | AN50: 能力 | AP50: =IF(ISNUMBER(H50),IF(AND(H50=0,V50=0,AK50="none"),0.4,IF(AK50="exhaust",MAX(H50-V50,0.4),IF(AK50="ethereal",MAX(H50-V50,0.4),MAX(H50-V50,0.4)))),IF(AND(AK50="exhaust",OR(H50="X",H50="∞")),0.4,IF(OR(H50="X",H50="∞"),0.4,0.4))) -> 1 | AQ50: 0 | AR50: 0 | AT50: v0.110.1 sts2.info | AU50: 0 | AY50: =IFERROR(MAX(IF(IF(AND(F50="能力",AL50="能力持续"),(参数!$B$2-1)*参数!$B$3,0)+M50*O50*参数!$B$5*IF(AND(F50="能力",AL50="能力持续"),参数!$B$2,1)+P50*参数!$B$6*IF(AND(F50="能力",AL50="能力持续"),参数!$B$2,1)+R50*参数!$B$7*IF(AND(F50="能力",AL50="能力持续"),参数!$B$2,1)+V50*参数!$B$8+IF(X50<0,X50*参数!$B$13,X50*参数!$B$39)+IF(AE50<0,AE50*参数!$B$13,AE50*参数!$B$12)*参数!$B$2+AQ50*参数!$B$15+AB50*参数!$B$11+AF50*参数!$B$40*参数!$B$2+AG50*参数!$B$44*参数!$B$2+AH50*参数!$B$6*参数!$B$2+AI50*参数!$B$39*参数!$B$2+AJ50*参数!$B$6*参数!$B$2+Z50*参数!$B$13-T50*参数!$B$14-AD50*参数!$B$13+IF(ISNUMBER(AU50),AU50*参数!$B$38,0)-AV50*参数!$B$41-AW50*参数!$B$14>参数!$B$17,参数!$B$17+SQRT(IF(AND(F50="能力",AL50="能力持续"),(参数!$B$2-1)*参数!$B$3,0)+M50*O50*参数!$B$5*IF(AND(F50="能力",AL50="能力持续"),参数!$B$2,1)+P50*参数!$B$6*IF(AND(F50="能力",AL50="能力持续"),参数!$B$2,1)+R50*参数!$B$7*IF(AND(F50="能力",AL50="能力持续"),参数!$B$2,1)+V50*参数!$B$8+IF(X50<0,X50*参数!$B$13,X50*参数!$B$39)+IF(AE50<0,AE50*参数!$B$13,AE50*参数!$B$12)*参数!$B$2+AQ50*参数!$B$15+AB50*参数!$B$11+AF50*参数!$B$40*参数!$B$2+AG50*参数!$B$44*参数!$B$2+AH50*参数!$B$6*参数!$B$2+AI50*参数!$B$39*参数!$B$2+AJ50*参数!$B$6*参数!$B$2+Z50*参数!$B$13-T50*参数!$B$14-AD50*参数!$B$13+IF(ISNUMBER(AU50),AU50*参数!$B$38,0)-AV50*参数!$B$41-AW50*参数!$B$14-参数!$B$17)*参数!$B$18,IF(AND(F50="能力",AL50="能力持续"),(参数!$B$2-1)*参数!$B$3,0)+M50*O50*参数!$B$5*IF(AND(F50="能力",AL50="能力持续"),参数!$B$2,1)+P50*参数!$B$6*IF(AND(F50="能力",AL50="能力持续"),参数!$B$2,1)+R50*参数!$B$7*IF(AND(F50="能力",AL50="能力持续"),参数!$B$2,1)+V50*参数!$B$8+IF(X50<0,X50*参数!$B$13,X50*参数!$B$39)+IF(AE50<0,AE50*参数!$B$13,AE50*参数!$B$12)*参数!$B$2+AQ50*参数!$B$15+AB50*参数!$B$11+AF50*参数!$B$40*参数!$B$2+AG50*参数!$B$44*参数!$B$2+AH50*参数!$B$6*参数!$B$2+AI50*参数!$B$39*参数!$B$2+AJ50*参数!$B$6*参数!$B$2+Z50*参数!$B$13-T50*参数!$B$14-AD50*参数!$B$13+IF(ISNUMBER(AU50),AU50*参数!$B$38,0)-AV50*参数!$B$41-AW50*参数!$B$14),0),0) -> 9.6 | AZ50: =AY50-MAX(AP50,0)*参数!$B$10 -> 6.6 | BA50: =IF(MAX(AP50,0)=0,AY50,AY50/MAX(AP50,0)) -> 9.6
A51: 50 | B51: ironclad_iron_wave | C51: 铁甲战士 | D51: 铁斩波 | E51: Iron Wave | F51: 攻击 | G51: 普通 | H51: 1 | I51: 1 | J51: 获得5点格挡。 造成5点伤害。 | L51: enemy_single | M51: 5 | N51: 7 | O51: 1 | P51: 5 | Q51: 7 | R51: 0 | S51: 0 | T51: 0 | U51: 0 | V51: 0 | W51: 0 | X51: 0 | Y51: 0 | Z51: 0 | AA51: 0 | AB51: 0 | AC51: 0 | AD51: 0 | AE51: 0 | AF51: 0 | AG51: 0 | AH51: 0 | AI51: 0 | AJ51: 0 | AK51: none | AP51: =IF(ISNUMBER(H51),IF(AND(H51=0,V51=0,AK51="none"),0.4,IF(AK51="exhaust",MAX(H51-V51,0.4),IF(AK51="ethereal",MAX(H51-V51,0.4),MAX(H51-V51,0.4)))),IF(AND(AK51="exhaust",OR(H51="X",H51="∞")),0.4,IF(OR(H51="X",H51="∞"),0.4,0.4))) -> 1 | AQ51: 0 | AR51: 0 | AT51: v0.110.1 sts2.info | AU51: 0 | AY51: =IFERROR(MAX(IF(IF(AND(F51="能力",AL51="能力持续"),(参数!$B$2-1)*参数!$B$3,0)+M51*O51*参数!$B$5*IF(AND(F51="能力",AL51="能力持续"),参数!$B$2,1)+P51*参数!$B$6*IF(AND(F51="能力",AL51="能力持续"),参数!$B$2,1)+R51*参数!$B$7*IF(AND(F51="能力",AL51="能力持续"),参数!$B$2,1)+V51*参数!$B$8+IF(X51<0,X51*参数!$B$13,X51*参数!$B$39)+IF(AE51<0,AE51*参数!$B$13,AE51*参数!$B$12)*参数!$B$2+AQ51*参数!$B$15+AB51*参数!$B$11+AF51*参数!$B$40*参数!$B$2+AG51*参数!$B$44*参数!$B$2+AH51*参数!$B$6*参数!$B$2+AI51*参数!$B$39*参数!$B$2+AJ51*参数!$B$6*参数!$B$2+Z51*参数!$B$13-T51*参数!$B$14-AD51*参数!$B$13+IF(ISNUMBER(AU51),AU51*参数!$B$38,0)-AV51*参数!$B$41-AW51*参数!$B$14>参数!$B$17,参数!$B$17+SQRT(IF(AND(F51="能力",AL51="能力持续"),(参数!$B$2-1)*参数!$B$3,0)+M51*O51*参数!$B$5*IF(AND(F51="能力",AL51="能力持续"),参数!$B$2,1)+P51*参数!$B$6*IF(AND(F51="能力",AL51="能力持续"),参数!$B$2,1)+R51*参数!$B$7*IF(AND(F51="能力",AL51="能力持续"),参数!$B$2,1)+V51*参数!$B$8+IF(X51<0,X51*参数!$B$13,X51*参数!$B$39)+IF(AE51<0,AE51*参数!$B$13,AE51*参数!$B$12)*参数!$B$2+AQ51*参数!$B$15+AB51*参数!$B$11+AF51*参数!$B$40*参数!$B$2+AG51*参数!$B$44*参数!$B$2+AH51*参数!$B$6*参数!$B$2+AI51*参数!$B$39*参数!$B$2+AJ51*参数!$B$6*参数!$B$2+Z51*参数!$B$13-T51*参数!$B$14-AD51*参数!$B$13+IF(ISNUMBER(AU51),AU51*参数!$B$38,0)-AV51*参数!$B$41-AW51*参数!$B$14-参数!$B$17)*参数!$B$18,IF(AND(F51="能力",AL51="能力持续"),(参数!$B$2-1)*参数!$B$3,0)+M51*O51*参数!$B$5*IF(AND(F51="能力",AL51="能力持续"),参数!$B$2,1)+P51*参数!$B$6*IF(AND(F51="能力",AL51="能力持续"),参数!$B$2,1)+R51*参数!$B$7*IF(AND(F51="能力",AL51="能力持续"),参数!$B$2,1)+V51*参数!$B$8+IF(X51<0,X51*参数!$B$13,X51*参数!$B$39)+IF(AE51<0,AE51*参数!$B$13,AE51*参数!$B$12)*参数!$B$2+AQ51*参数!$B$15+AB51*参数!$B$11+AF51*参数!$B$40*参数!$B$2+AG51*参数!$B$44*参数!$B$2+AH51*参数!$B$6*参数!$B$2+AI51*参数!$B$39*参数!$B$2+AJ51*参数!$B$6*参数!$B$2+Z51*参数!$B$13-T51*参数!$B$14-AD51*参数!$B$13+IF(ISNUMBER(AU51),AU51*参数!$B$38,0)-AV51*参数!$B$41-AW51*参数!$B$14),0),0) -> 11.06066 | AZ51: =AY51-MAX(AP51,0)*参数!$B$10 -> 8.0606602 | BA51: =IF(MAX(AP51,0)=0,AY51,AY51/MAX(AP51,0)) -> 11.06066
A52: 51 | B52: ironclad_juggernaut | C52: 铁甲战士 | D52: 主宰 | E52: Juggernaut | F52: 能力 | G52: 稀有 | H52: 2 | I52: 2 | J52: 每当获得格挡，对随机敌人造成6点伤害。 | L52: enemy_random | M52: 6 | N52: 8 | O52: 1 | P52: 0 | Q52: 0 | R52: 0 | S52: 0 | T52: 0 | U52: 0 | V52: 0 | W52: 0 | X52: 0 | Y52: 0 | Z52: 0 | AA52: 0 | AB52: 0 | AC52: 0 | AD52: 0 | AE52: 0 | AF52: 0 | AG52: 0 | AH52: 0 | AI52: 0 | AJ52: 0 | AK52: none | AL52: 能力持续 | AN52: 能力 | AP52: =IF(ISNUMBER(H52),IF(AND(H52=0,V52=0,AK52="none"),0.4,IF(AK52="exhaust",MAX(H52-V52,0.4),IF(AK52="ethereal",MAX(H52-V52,0.4),MAX(H52-V52,0.4)))),IF(AND(AK52="exhaust",OR(H52="X",H52="∞")),0.4,IF(OR(H52="X",H52="∞"),0.4,0.4))) -> 2 | AQ52: 0 | AR52: 0 | AT52: v0.110.1 sts2.info | AU52: 0 | AY52: =IFERROR(MAX(IF(IF(AND(F52="能力",AL52="能力持续"),(参数!$B$2-1)*参数!$B$3,0)+M52*O52*参数!$B$5*IF(AND(F52="能力",AL52="能力持续"),参数!$B$2,1)+P52*参数!$B$6*IF(AND(F52="能力",AL52="能力持续"),参数!$B$2,1)+R52*参数!$B$7*IF(AND(F52="能力",AL52="能力持续"),参数!$B$2,1)+V52*参数!$B$8+IF(X52<0,X52*参数!$B$13,X52*参数!$B$39)+IF(AE52<0,AE52*参数!$B$13,AE52*参数!$B$12)*参数!$B$2+AQ52*参数!$B$15+AB52*参数!$B$11+AF52*参数!$B$40*参数!$B$2+AG52*参数!$B$44*参数!$B$2+AH52*参数!$B$6*参数!$B$2+AI52*参数!$B$39*参数!$B$2+AJ52*参数!$B$6*参数!$B$2+Z52*参数!$B$13-T52*参数!$B$14-AD52*参数!$B$13+IF(ISNUMBER(AU52),AU52*参数!$B$38,0)-AV52*参数!$B$41-AW52*参数!$B$14>参数!$B$17,参数!$B$17+SQRT(IF(AND(F52="能力",AL52="能力持续"),(参数!$B$2-1)*参数!$B$3,0)+M52*O52*参数!$B$5*IF(AND(F52="能力",AL52="能力持续"),参数!$B$2,1)+P52*参数!$B$6*IF(AND(F52="能力",AL52="能力持续"),参数!$B$2,1)+R52*参数!$B$7*IF(AND(F52="能力",AL52="能力持续"),参数!$B$2,1)+V52*参数!$B$8+IF(X52<0,X52*参数!$B$13,X52*参数!$B$39)+IF(AE52<0,AE52*参数!$B$13,AE52*参数!$B$12)*参数!$B$2+AQ52*参数!$B$15+AB52*参数!$B$11+AF52*参数!$B$40*参数!$B$2+AG52*参数!$B$44*参数!$B$2+AH52*参数!$B$6*参数!$B$2+AI52*参数!$B$39*参数!$B$2+AJ52*参数!$B$6*参数!$B$2+Z52*参数!$B$13-T52*参数!$B$14-AD52*参数!$B$13+IF(ISNUMBER(AU52),AU52*参数!$B$38,0)-AV52*参数!$B$41-AW52*参数!$B$14-参数!$B$17)*参数!$B$18,IF(AND(F52="能力",AL52="能力持续"),(参数!$B$2-1)*参数!$B$3,0)+M52*O52*参数!$B$5*IF(AND(F52="能力",AL52="能力持续"),参数!$B$2,1)+P52*参数!$B$6*IF(AND(F52="能力",AL52="能力持续"),参数!$B$2,1)+R52*参数!$B$7*IF(AND(F52="能力",AL52="能力持续"),参数!$B$2,1)+V52*参数!$B$8+IF(X52<0,X52*参数!$B$13,X52*参数!$B$39)+IF(AE52<0,AE52*参数!$B$13,AE52*参数!$B$12)*参数!$B$2+AQ52*参数!$B$15+AB52*参数!$B$11+AF52*参数!$B$40*参数!$B$2+AG52*参数!$B$44*参数!$B$2+AH52*参数!$B$6*参数!$B$2+AI52*参数!$B$39*参数!$B$2+AJ52*参数!$B$6*参数!$B$2+Z52*参数!$B$13-T52*参数!$B$14-AD52*参数!$B$13+IF(ISNUMBER(AU52),AU52*参数!$B$38,0)-AV52*参数!$B$41-AW52*参数!$B$14),0),0) -> 16.292853 | AZ52: =AY52-MAX(AP52,0)*参数!$B$10 -> 10.292853 | BA52: =IF(MAX(AP52,0)=0,AY52,AY52/MAX(AP52,0)) -> 8.1464265
A53: 52 | B53: ironclad_juggling | C53: 铁甲战士 | D53: 杂耍 | E53: Juggling | F53: 能力 | G53: 罕见 | H53: 1 | I53: 1 | J53: 将你在每回合打出的第三张攻击牌的复制品加入你的手牌。 | L53: self | M53: 0 | N53: 0 | O53: 1 | P53: 0 | Q53: 0 | R53: 0 | S53: 0 | T53: 0 | U53: 0 | V53: 0 | W53: 0 | X53: 0 | Y53: 0 | Z53: 0 | AA53: 0 | AB53: 0 | AC53: 0 | AD53: 0 | AE53: 0 | AF53: 0 | AG53: 0 | AH53: 0 | AI53: 0 | AJ53: 0 | AK53: none | AL53: 能力持续 | AN53: 能力 | AP53: =IF(ISNUMBER(H53),IF(AND(H53=0,V53=0,AK53="none"),0.4,IF(AK53="exhaust",MAX(H53-V53,0.4),IF(AK53="ethereal",MAX(H53-V53,0.4),MAX(H53-V53,0.4)))),IF(AND(AK53="exhaust",OR(H53="X",H53="∞")),0.4,IF(OR(H53="X",H53="∞"),0.4,0.4))) -> 1 | AQ53: =1*参数!$B$48 -> 8 | AR53: 0 | AT53: v0.110.1 sts2.info | AU53: 0 | AY53: =IFERROR(MAX(IF(IF(AND(F53="能力",AL53="能力持续"),(参数!$B$2-1)*参数!$B$3,0)+M53*O53*参数!$B$5*IF(AND(F53="能力",AL53="能力持续"),参数!$B$2,1)+P53*参数!$B$6*IF(AND(F53="能力",AL53="能力持续"),参数!$B$2,1)+R53*参数!$B$7*IF(AND(F53="能力",AL53="能力持续"),参数!$B$2,1)+V53*参数!$B$8+IF(X53<0,X53*参数!$B$13,X53*参数!$B$39)+IF(AE53<0,AE53*参数!$B$13,AE53*参数!$B$12)*参数!$B$2+AQ53*参数!$B$15+AB53*参数!$B$11+AF53*参数!$B$40*参数!$B$2+AG53*参数!$B$44*参数!$B$2+AH53*参数!$B$6*参数!$B$2+AI53*参数!$B$39*参数!$B$2+AJ53*参数!$B$6*参数!$B$2+Z53*参数!$B$13-T53*参数!$B$14-AD53*参数!$B$13+IF(ISNUMBER(AU53),AU53*参数!$B$38,0)-AV53*参数!$B$41-AW53*参数!$B$14>参数!$B$17,参数!$B$17+SQRT(IF(AND(F53="能力",AL53="能力持续"),(参数!$B$2-1)*参数!$B$3,0)+M53*O53*参数!$B$5*IF(AND(F53="能力",AL53="能力持续"),参数!$B$2,1)+P53*参数!$B$6*IF(AND(F53="能力",AL53="能力持续"),参数!$B$2,1)+R53*参数!$B$7*IF(AND(F53="能力",AL53="能力持续"),参数!$B$2,1)+V53*参数!$B$8+IF(X53<0,X53*参数!$B$13,X53*参数!$B$39)+IF(AE53<0,AE53*参数!$B$13,AE53*参数!$B$12)*参数!$B$2+AQ53*参数!$B$15+AB53*参数!$B$11+AF53*参数!$B$40*参数!$B$2+AG53*参数!$B$44*参数!$B$2+AH53*参数!$B$6*参数!$B$2+AI53*参数!$B$39*参数!$B$2+AJ53*参数!$B$6*参数!$B$2+Z53*参数!$B$13-T53*参数!$B$14-AD53*参数!$B$13+IF(ISNUMBER(AU53),AU53*参数!$B$38,0)-AV53*参数!$B$41-AW53*参数!$B$14-参数!$B$17)*参数!$B$18,IF(AND(F53="能力",AL53="能力持续"),(参数!$B$2-1)*参数!$B$3,0)+M53*O53*参数!$B$5*IF(AND(F53="能力",AL53="能力持续"),参数!$B$2,1)+P53*参数!$B$6*IF(AND(F53="能力",AL53="能力持续"),参数!$B$2,1)+R53*参数!$B$7*IF(AND(F53="能力",AL53="能力持续"),参数!$B$2,1)+V53*参数!$B$8+IF(X53<0,X53*参数!$B$13,X53*参数!$B$39)+IF(AE53<0,AE53*参数!$B$13,AE53*参数!$B$12)*参数!$B$2+AQ53*参数!$B$15+AB53*参数!$B$11+AF53*参数!$B$40*参数!$B$2+AG53*参数!$B$44*参数!$B$2+AH53*参数!$B$6*参数!$B$2+AI53*参数!$B$39*参数!$B$2+AJ53*参数!$B$6*参数!$B$2+Z53*参数!$B$13-T53*参数!$B$14-AD53*参数!$B$13+IF(ISNUMBER(AU53),AU53*参数!$B$38,0)-AV53*参数!$B$41-AW53*参数!$B$14),0),0) -> 16.292853 | AZ53: =AY53-MAX(AP53,0)*参数!$B$10 -> 13.292853 | BA53: =IF(MAX(AP53,0)=0,AY53,AY53/MAX(AP53,0)) -> 16.292853
A54: 53 | B54: ironclad_mangle | C54: 铁甲战士 | D54: 凌虐 | E54: Mangle | F54: 攻击 | G54: 稀有 | H54: 3 | I54: 3 | J54: 造成20点伤害。 敌人在本回合失去10点力量。 | K54: 减敌方力量10(本回合) | L54: enemy_single | M54: 20 | N54: 26 | O54: 1 | P54: 0 | Q54: 0 | R54: 0 | S54: 0 | T54: 0 | U54: 0 | V54: 0 | W54: 0 | X54: 0 | Y54: 0 | Z54: 0 | AA54: 0 | AB54: 0 | AC54: 0 | AD54: 0 | AE54: 0 | AF54: 0 | AG54: 0 | AH54: 0 | AI54: 0 | AJ54: 0 | AK54: none | AN54: 本回合 | AO54: 减敌方力量10(本回合) | AP54: =IF(ISNUMBER(H54),IF(AND(H54=0,V54=0,AK54="none"),0.4,IF(AK54="exhaust",MAX(H54-V54,0.4),IF(AK54="ethereal",MAX(H54-V54,0.4),MAX(H54-V54,0.4)))),IF(AND(AK54="exhaust",OR(H54="X",H54="∞")),0.4,IF(OR(H54="X",H54="∞"),0.4,0.4))) -> 3 | AQ54: 0 | AR54: 0 | AT54: v0.110.1 sts2.info | AU54: 0 | AY54: =IFERROR(MAX(IF(IF(AND(F54="能力",AL54="能力持续"),(参数!$B$2-1)*参数!$B$3,0)+M54*O54*参数!$B$5*IF(AND(F54="能力",AL54="能力持续"),参数!$B$2,1)+P54*参数!$B$6*IF(AND(F54="能力",AL54="能力持续"),参数!$B$2,1)+R54*参数!$B$7*IF(AND(F54="能力",AL54="能力持续"),参数!$B$2,1)+V54*参数!$B$8+IF(X54<0,X54*参数!$B$13,X54*参数!$B$39)+IF(AE54<0,AE54*参数!$B$13,AE54*参数!$B$12)*参数!$B$2+AQ54*参数!$B$15+AB54*参数!$B$11+AF54*参数!$B$40*参数!$B$2+AG54*参数!$B$44*参数!$B$2+AH54*参数!$B$6*参数!$B$2+AI54*参数!$B$39*参数!$B$2+AJ54*参数!$B$6*参数!$B$2+Z54*参数!$B$13-T54*参数!$B$14-AD54*参数!$B$13+IF(ISNUMBER(AU54),AU54*参数!$B$38,0)-AV54*参数!$B$41-AW54*参数!$B$14>参数!$B$17,参数!$B$17+SQRT(IF(AND(F54="能力",AL54="能力持续"),(参数!$B$2-1)*参数!$B$3,0)+M54*O54*参数!$B$5*IF(AND(F54="能力",AL54="能力持续"),参数!$B$2,1)+P54*参数!$B$6*IF(AND(F54="能力",AL54="能力持续"),参数!$B$2,1)+R54*参数!$B$7*IF(AND(F54="能力",AL54="能力持续"),参数!$B$2,1)+V54*参数!$B$8+IF(X54<0,X54*参数!$B$13,X54*参数!$B$39)+IF(AE54<0,AE54*参数!$B$13,AE54*参数!$B$12)*参数!$B$2+AQ54*参数!$B$15+AB54*参数!$B$11+AF54*参数!$B$40*参数!$B$2+AG54*参数!$B$44*参数!$B$2+AH54*参数!$B$6*参数!$B$2+AI54*参数!$B$39*参数!$B$2+AJ54*参数!$B$6*参数!$B$2+Z54*参数!$B$13-T54*参数!$B$14-AD54*参数!$B$13+IF(ISNUMBER(AU54),AU54*参数!$B$38,0)-AV54*参数!$B$41-AW54*参数!$B$14-参数!$B$17)*参数!$B$18,IF(AND(F54="能力",AL54="能力持续"),(参数!$B$2-1)*参数!$B$3,0)+M54*O54*参数!$B$5*IF(AND(F54="能力",AL54="能力持续"),参数!$B$2,1)+P54*参数!$B$6*IF(AND(F54="能力",AL54="能力持续"),参数!$B$2,1)+R54*参数!$B$7*IF(AND(F54="能力",AL54="能力持续"),参数!$B$2,1)+V54*参数!$B$8+IF(X54<0,X54*参数!$B$13,X54*参数!$B$39)+IF(AE54<0,AE54*参数!$B$13,AE54*参数!$B$12)*参数!$B$2+AQ54*参数!$B$15+AB54*参数!$B$11+AF54*参数!$B$40*参数!$B$2+AG54*参数!$B$44*参数!$B$2+AH54*参数!$B$6*参数!$B$2+AI54*参数!$B$39*参数!$B$2+AJ54*参数!$B$6*参数!$B$2+Z54*参数!$B$13-T54*参数!$B$14-AD54*参数!$B$13+IF(ISNUMBER(AU54),AU54*参数!$B$38,0)-AV54*参数!$B$41-AW54*参数!$B$14),0),0) -> 14.743416 | AZ54: =AY54-MAX(AP54,0)*参数!$B$10 -> 5.7434165 | BA54: =IF(MAX(AP54,0)=0,AY54,AY54/MAX(AP54,0)) -> 4.9144722
A55: 54 | B55: ironclad_molten_fist | C55: 铁甲战士 | D55: 熔融之拳 | E55: Molten Fist | F55: 攻击 | G55: 普通 | H55: 1 | I55: 1 | J55: 造成10点伤害。 将该敌人身上的易伤层数翻倍。 | L55: enemy_single | M55: 10 | N55: 14 | O55: 1 | P55: 0 | Q55: 0 | R55: 0 | S55: 0 | T55: 0 | U55: 0 | V55: 0 | W55: 0 | X55: 0 | Y55: 0 | Z55: 0 | AA55: 0 | AB55: 0 | AC55: 0 | AD55: 0 | AE55: 0 | AF55: 0 | AG55: 0 | AH55: 0 | AI55: 0 | AJ55: 0 | AK55: none | AP55: =IF(ISNUMBER(H55),IF(AND(H55=0,V55=0,AK55="none"),0.4,IF(AK55="exhaust",MAX(H55-V55,0.4),IF(AK55="ethereal",MAX(H55-V55,0.4),MAX(H55-V55,0.4)))),IF(AND(AK55="exhaust",OR(H55="X",H55="∞")),0.4,IF(OR(H55="X",H55="∞"),0.4,0.4))) -> 1 | AQ55: 0 | AR55: 0 | AT55: v0.110.1 sts2.info | AU55: 0 | AY55: =IFERROR(MAX(IF(IF(AND(F55="能力",AL55="能力持续"),(参数!$B$2-1)*参数!$B$3,0)+M55*O55*参数!$B$5*IF(AND(F55="能力",AL55="能力持续"),参数!$B$2,1)+P55*参数!$B$6*IF(AND(F55="能力",AL55="能力持续"),参数!$B$2,1)+R55*参数!$B$7*IF(AND(F55="能力",AL55="能力持续"),参数!$B$2,1)+V55*参数!$B$8+IF(X55<0,X55*参数!$B$13,X55*参数!$B$39)+IF(AE55<0,AE55*参数!$B$13,AE55*参数!$B$12)*参数!$B$2+AQ55*参数!$B$15+AB55*参数!$B$11+AF55*参数!$B$40*参数!$B$2+AG55*参数!$B$44*参数!$B$2+AH55*参数!$B$6*参数!$B$2+AI55*参数!$B$39*参数!$B$2+AJ55*参数!$B$6*参数!$B$2+Z55*参数!$B$13-T55*参数!$B$14-AD55*参数!$B$13+IF(ISNUMBER(AU55),AU55*参数!$B$38,0)-AV55*参数!$B$41-AW55*参数!$B$14>参数!$B$17,参数!$B$17+SQRT(IF(AND(F55="能力",AL55="能力持续"),(参数!$B$2-1)*参数!$B$3,0)+M55*O55*参数!$B$5*IF(AND(F55="能力",AL55="能力持续"),参数!$B$2,1)+P55*参数!$B$6*IF(AND(F55="能力",AL55="能力持续"),参数!$B$2,1)+R55*参数!$B$7*IF(AND(F55="能力",AL55="能力持续"),参数!$B$2,1)+V55*参数!$B$8+IF(X55<0,X55*参数!$B$13,X55*参数!$B$39)+IF(AE55<0,AE55*参数!$B$13,AE55*参数!$B$12)*参数!$B$2+AQ55*参数!$B$15+AB55*参数!$B$11+AF55*参数!$B$40*参数!$B$2+AG55*参数!$B$44*参数!$B$2+AH55*参数!$B$6*参数!$B$2+AI55*参数!$B$39*参数!$B$2+AJ55*参数!$B$6*参数!$B$2+Z55*参数!$B$13-T55*参数!$B$14-AD55*参数!$B$13+IF(ISNUMBER(AU55),AU55*参数!$B$38,0)-AV55*参数!$B$41-AW55*参数!$B$14-参数!$B$17)*参数!$B$18,IF(AND(F55="能力",AL55="能力持续"),(参数!$B$2-1)*参数!$B$3,0)+M55*O55*参数!$B$5*IF(AND(F55="能力",AL55="能力持续"),参数!$B$2,1)+P55*参数!$B$6*IF(AND(F55="能力",AL55="能力持续"),参数!$B$2,1)+R55*参数!$B$7*IF(AND(F55="能力",AL55="能力持续"),参数!$B$2,1)+V55*参数!$B$8+IF(X55<0,X55*参数!$B$13,X55*参数!$B$39)+IF(AE55<0,AE55*参数!$B$13,AE55*参数!$B$12)*参数!$B$2+AQ55*参数!$B$15+AB55*参数!$B$11+AF55*参数!$B$40*参数!$B$2+AG55*参数!$B$44*参数!$B$2+AH55*参数!$B$6*参数!$B$2+AI55*参数!$B$39*参数!$B$2+AJ55*参数!$B$6*参数!$B$2+Z55*参数!$B$13-T55*参数!$B$14-AD55*参数!$B$13+IF(ISNUMBER(AU55),AU55*参数!$B$38,0)-AV55*参数!$B$41-AW55*参数!$B$14),0),0) -> 10 | AZ55: =AY55-MAX(AP55,0)*参数!$B$10 -> 7 | BA55: =IF(MAX(AP55,0)=0,AY55,AY55/MAX(AP55,0)) -> 10
A56: 55 | B56: ironclad_offering | C56: 铁甲战士 | D56: 祭品 | E56: Offering | F56: 技能 | G56: 稀有 | H56: 0 | I56: 0 | J56: 失去6点生命。 获得2点能量。 抽3张牌。 | L56: enemy_single | M56: 0 | N56: 0 | O56: 1 | P56: 0 | Q56: 0 | R56: 3 | S56: 5 | T56: 0 | U56: 0 | V56: 2 | W56: 2 | X56: 0 | Y56: 0 | Z56: 0 | AA56: 0 | AB56: 0 | AC56: 0 | AD56: 0 | AE56: 0 | AF56: 0 | AG56: 0 | AH56: 0 | AI56: 0 | AJ56: 0 | AK56: none | AP56: =IF(ISNUMBER(H56),IF(AND(H56=0,V56=0,AK56="none"),0.4,IF(AK56="exhaust",MAX(H56-V56,0.4),IF(AK56="ethereal",MAX(H56-V56,0.4),MAX(H56-V56,0.4)))),IF(AND(AK56="exhaust",OR(H56="X",H56="∞")),0.4,IF(OR(H56="X",H56="∞"),0.4,0.4))) -> 0.4 | AQ56: 0 | AR56: 0 | AT56: v0.110.1 sts2.info | AU56: 0 | AV56: 6 | AY56: =IFERROR(MAX(IF(IF(AND(F56="能力",AL56="能力持续"),(参数!$B$2-1)*参数!$B$3,0)+M56*O56*参数!$B$5*IF(AND(F56="能力",AL56="能力持续"),参数!$B$2,1)+P56*参数!$B$6*IF(AND(F56="能力",AL56="能力持续"),参数!$B$2,1)+R56*参数!$B$7*IF(AND(F56="能力",AL56="能力持续"),参数!$B$2,1)+V56*参数!$B$8+IF(X56<0,X56*参数!$B$13,X56*参数!$B$39)+IF(AE56<0,AE56*参数!$B$13,AE56*参数!$B$12)*参数!$B$2+AQ56*参数!$B$15+AB56*参数!$B$11+AF56*参数!$B$40*参数!$B$2+AG56*参数!$B$44*参数!$B$2+AH56*参数!$B$6*参数!$B$2+AI56*参数!$B$39*参数!$B$2+AJ56*参数!$B$6*参数!$B$2+Z56*参数!$B$13-T56*参数!$B$14-AD56*参数!$B$13+IF(ISNUMBER(AU56),AU56*参数!$B$38,0)-AV56*参数!$B$41-AW56*参数!$B$14>参数!$B$17,参数!$B$17+SQRT(IF(AND(F56="能力",AL56="能力持续"),(参数!$B$2-1)*参数!$B$3,0)+M56*O56*参数!$B$5*IF(AND(F56="能力",AL56="能力持续"),参数!$B$2,1)+P56*参数!$B$6*IF(AND(F56="能力",AL56="能力持续"),参数!$B$2,1)+R56*参数!$B$7*IF(AND(F56="能力",AL56="能力持续"),参数!$B$2,1)+V56*参数!$B$8+IF(X56<0,X56*参数!$B$13,X56*参数!$B$39)+IF(AE56<0,AE56*参数!$B$13,AE56*参数!$B$12)*参数!$B$2+AQ56*参数!$B$15+AB56*参数!$B$11+AF56*参数!$B$40*参数!$B$2+AG56*参数!$B$44*参数!$B$2+AH56*参数!$B$6*参数!$B$2+AI56*参数!$B$39*参数!$B$2+AJ56*参数!$B$6*参数!$B$2+Z56*参数!$B$13-T56*参数!$B$14-AD56*参数!$B$13+IF(ISNUMBER(AU56),AU56*参数!$B$38,0)-AV56*参数!$B$41-AW56*参数!$B$14-参数!$B$17)*参数!$B$18,IF(AND(F56="能力",AL56="能力持续"),(参数!$B$2-1)*参数!$B$3,0)+M56*O56*参数!$B$5*IF(AND(F56="能力",AL56="能力持续"),参数!$B$2,1)+P56*参数!$B$6*IF(AND(F56="能力",AL56="能力持续"),参数!$B$2,1)+R56*参数!$B$7*IF(AND(F56="能力",AL56="能力持续"),参数!$B$2,1)+V56*参数!$B$8+IF(X56<0,X56*参数!$B$13,X56*参数!$B$39)+IF(AE56<0,AE56*参数!$B$13,AE56*参数!$B$12)*参数!$B$2+AQ56*参数!$B$15+AB56*参数!$B$11+AF56*参数!$B$40*参数!$B$2+AG56*参数!$B$44*参数!$B$2+AH56*参数!$B$6*参数!$B$2+AI56*参数!$B$39*参数!$B$2+AJ56*参数!$B$6*参数!$B$2+Z56*参数!$B$13-T56*参数!$B$14-AD56*参数!$B$13+IF(ISNUMBER(AU56),AU56*参数!$B$38,0)-AV56*参数!$B$41-AW56*参数!$B$14),0),0) -> 0 | AZ56: =AY56-MAX(AP56,0)*参数!$B$10 -> -1.2 | BA56: =IF(MAX(AP56,0)=0,AY56,AY56/MAX(AP56,0)) -> 0
A57: 56 | B57: ironclad_one_two_punch | C57: 铁甲战士 | D57: 连击拳 | E57: One-Two Punch | F57: 技能 | G57: 稀有 | H57: 1 | I57: 1 | J57: 在这个回合，你打出的下张攻击牌会被额外打出一次。 | L57: enemy_single | M57: 0 | N57: 0 | O57: 1 | P57: 0 | Q57: 0 | R57: 0 | S57: 0 | T57: 0 | U57: 0 | V57: 0 | W57: 0 | X57: 0 | Y57: 0 | Z57: 0 | AA57: 0 | AB57: 0 | AC57: 0 | AD57: 0 | AE57: 0 | AF57: 0 | AG57: 0 | AH57: 0 | AI57: 0 | AJ57: 0 | AK57: none | AN57: 本回合 | AP57: =IF(ISNUMBER(H57),IF(AND(H57=0,V57=0,AK57="none"),0.4,IF(AK57="exhaust",MAX(H57-V57,0.4),IF(AK57="ethereal",MAX(H57-V57,0.4),MAX(H57-V57,0.4)))),IF(AND(AK57="exhaust",OR(H57="X",H57="∞")),0.4,IF(OR(H57="X",H57="∞"),0.4,0.4))) -> 1 | AQ57: =1*参数!$B$48 -> 8 | AR57: 0 | AT57: v0.110.1 sts2.info | AU57: 0 | AY57: =IFERROR(MAX(IF(IF(AND(F57="能力",AL57="能力持续"),(参数!$B$2-1)*参数!$B$3,0)+M57*O57*参数!$B$5*IF(AND(F57="能力",AL57="能力持续"),参数!$B$2,1)+P57*参数!$B$6*IF(AND(F57="能力",AL57="能力持续"),参数!$B$2,1)+R57*参数!$B$7*IF(AND(F57="能力",AL57="能力持续"),参数!$B$2,1)+V57*参数!$B$8+IF(X57<0,X57*参数!$B$13,X57*参数!$B$39)+IF(AE57<0,AE57*参数!$B$13,AE57*参数!$B$12)*参数!$B$2+AQ57*参数!$B$15+AB57*参数!$B$11+AF57*参数!$B$40*参数!$B$2+AG57*参数!$B$44*参数!$B$2+AH57*参数!$B$6*参数!$B$2+AI57*参数!$B$39*参数!$B$2+AJ57*参数!$B$6*参数!$B$2+Z57*参数!$B$13-T57*参数!$B$14-AD57*参数!$B$13+IF(ISNUMBER(AU57),AU57*参数!$B$38,0)-AV57*参数!$B$41-AW57*参数!$B$14>参数!$B$17,参数!$B$17+SQRT(IF(AND(F57="能力",AL57="能力持续"),(参数!$B$2-1)*参数!$B$3,0)+M57*O57*参数!$B$5*IF(AND(F57="能力",AL57="能力持续"),参数!$B$2,1)+P57*参数!$B$6*IF(AND(F57="能力",AL57="能力持续"),参数!$B$2,1)+R57*参数!$B$7*IF(AND(F57="能力",AL57="能力持续"),参数!$B$2,1)+V57*参数!$B$8+IF(X57<0,X57*参数!$B$13,X57*参数!$B$39)+IF(AE57<0,AE57*参数!$B$13,AE57*参数!$B$12)*参数!$B$2+AQ57*参数!$B$15+AB57*参数!$B$11+AF57*参数!$B$40*参数!$B$2+AG57*参数!$B$44*参数!$B$2+AH57*参数!$B$6*参数!$B$2+AI57*参数!$B$39*参数!$B$2+AJ57*参数!$B$6*参数!$B$2+Z57*参数!$B$13-T57*参数!$B$14-AD57*参数!$B$13+IF(ISNUMBER(AU57),AU57*参数!$B$38,0)-AV57*参数!$B$41-AW57*参数!$B$14-参数!$B$17)*参数!$B$18,IF(AND(F57="能力",AL57="能力持续"),(参数!$B$2-1)*参数!$B$3,0)+M57*O57*参数!$B$5*IF(AND(F57="能力",AL57="能力持续"),参数!$B$2,1)+P57*参数!$B$6*IF(AND(F57="能力",AL57="能力持续"),参数!$B$2,1)+R57*参数!$B$7*IF(AND(F57="能力",AL57="能力持续"),参数!$B$2,1)+V57*参数!$B$8+IF(X57<0,X57*参数!$B$13,X57*参数!$B$39)+IF(AE57<0,AE57*参数!$B$13,AE57*参数!$B$12)*参数!$B$2+AQ57*参数!$B$15+AB57*参数!$B$11+AF57*参数!$B$40*参数!$B$2+AG57*参数!$B$44*参数!$B$2+AH57*参数!$B$6*参数!$B$2+AI57*参数!$B$39*参数!$B$2+AJ57*参数!$B$6*参数!$B$2+Z57*参数!$B$13-T57*参数!$B$14-AD57*参数!$B$13+IF(ISNUMBER(AU57),AU57*参数!$B$38,0)-AV57*参数!$B$41-AW57*参数!$B$14),0),0) -> 15.612486 | AZ57: =AY57-MAX(AP57,0)*参数!$B$10 -> 12.612486 | BA57: =IF(MAX(AP57,0)=0,AY57,AY57/MAX(AP57,0)) -> 15.612486
A58: 57 | B58: ironclad_pact_s_end | C58: 铁甲战士 | D58: 契约终章 | E58: Pact's End | F58: 攻击 | G58: 稀有 | H58: 0 | I58: 0 | J58: 如果你的消耗牌堆拥有大于等于3张牌， 则对所有敌人造成18点伤害。 | K58: 含消耗其他牌效果 | L58: enemy_all | M58: 18 | N58: 24 | O58: 1 | P58: 0 | Q58: 0 | R58: 0 | S58: 0 | T58: 0 | U58: 0 | V58: 0 | W58: 0 | X58: 0 | Y58: 0 | Z58: 0 | AA58: 0 | AB58: 0 | AC58: 0 | AD58: 0 | AE58: 0 | AF58: 0 | AG58: 0 | AH58: 0 | AI58: 0 | AJ58: 0 | AK58: none | AN58: 群体攻击 | AO58: 含消耗其他牌效果 | AP58: =IF(ISNUMBER(H58),IF(AND(H58=0,V58=0,AK58="none"),0.4,IF(AK58="exhaust",MAX(H58-V58,0.4),IF(AK58="ethereal",MAX(H58-V58,0.4),MAX(H58-V58,0.4)))),IF(AND(AK58="exhaust",OR(H58="X",H58="∞")),0.4,IF(OR(H58="X",H58="∞"),0.4,0.4))) -> 0.4 | AQ58: 0 | AR58: 0 | AT58: v0.110.1 sts2.info | AU58: 0 | AY58: =IFERROR(MAX(IF(IF(AND(F58="能力",AL58="能力持续"),(参数!$B$2-1)*参数!$B$3,0)+M58*O58*参数!$B$5*IF(AND(F58="能力",AL58="能力持续"),参数!$B$2,1)+P58*参数!$B$6*IF(AND(F58="能力",AL58="能力持续"),参数!$B$2,1)+R58*参数!$B$7*IF(AND(F58="能力",AL58="能力持续"),参数!$B$2,1)+V58*参数!$B$8+IF(X58<0,X58*参数!$B$13,X58*参数!$B$39)+IF(AE58<0,AE58*参数!$B$13,AE58*参数!$B$12)*参数!$B$2+AQ58*参数!$B$15+AB58*参数!$B$11+AF58*参数!$B$40*参数!$B$2+AG58*参数!$B$44*参数!$B$2+AH58*参数!$B$6*参数!$B$2+AI58*参数!$B$39*参数!$B$2+AJ58*参数!$B$6*参数!$B$2+Z58*参数!$B$13-T58*参数!$B$14-AD58*参数!$B$13+IF(ISNUMBER(AU58),AU58*参数!$B$38,0)-AV58*参数!$B$41-AW58*参数!$B$14>参数!$B$17,参数!$B$17+SQRT(IF(AND(F58="能力",AL58="能力持续"),(参数!$B$2-1)*参数!$B$3,0)+M58*O58*参数!$B$5*IF(AND(F58="能力",AL58="能力持续"),参数!$B$2,1)+P58*参数!$B$6*IF(AND(F58="能力",AL58="能力持续"),参数!$B$2,1)+R58*参数!$B$7*IF(AND(F58="能力",AL58="能力持续"),参数!$B$2,1)+V58*参数!$B$8+IF(X58<0,X58*参数!$B$13,X58*参数!$B$39)+IF(AE58<0,AE58*参数!$B$13,AE58*参数!$B$12)*参数!$B$2+AQ58*参数!$B$15+AB58*参数!$B$11+AF58*参数!$B$40*参数!$B$2+AG58*参数!$B$44*参数!$B$2+AH58*参数!$B$6*参数!$B$2+AI58*参数!$B$39*参数!$B$2+AJ58*参数!$B$6*参数!$B$2+Z58*参数!$B$13-T58*参数!$B$14-AD58*参数!$B$13+IF(ISNUMBER(AU58),AU58*参数!$B$38,0)-AV58*参数!$B$41-AW58*参数!$B$14-参数!$B$17)*参数!$B$18,IF(AND(F58="能力",AL58="能力持续"),(参数!$B$2-1)*参数!$B$3,0)+M58*O58*参数!$B$5*IF(AND(F58="能力",AL58="能力持续"),参数!$B$2,1)+P58*参数!$B$6*IF(AND(F58="能力",AL58="能力持续"),参数!$B$2,1)+R58*参数!$B$7*IF(AND(F58="能力",AL58="能力持续"),参数!$B$2,1)+V58*参数!$B$8+IF(X58<0,X58*参数!$B$13,X58*参数!$B$39)+IF(AE58<0,AE58*参数!$B$13,AE58*参数!$B$12)*参数!$B$2+AQ58*参数!$B$15+AB58*参数!$B$11+AF58*参数!$B$40*参数!$B$2+AG58*参数!$B$44*参数!$B$2+AH58*参数!$B$6*参数!$B$2+AI58*参数!$B$39*参数!$B$2+AJ58*参数!$B$6*参数!$B$2+Z58*参数!$B$13-T58*参数!$B$14-AD58*参数!$B$13+IF(ISNUMBER(AU58),AU58*参数!$B$38,0)-AV58*参数!$B$41-AW58*参数!$B$14),0),0) -> 14.242641 | AZ58: =AY58-MAX(AP58,0)*参数!$B$10 -> 13.042641 | BA58: =IF(MAX(AP58,0)=0,AY58,AY58/MAX(AP58,0)) -> 35.606602
A59: 58 | B59: ironclad_perfected_strike | C59: 铁甲战士 | D59: 完美打击 | E59: Perfected Strike | F59: 攻击 | G59: 普通 | H59: 2 | I59: 2 | J59: 造成6点伤害。 你每有一张名字中含有“打击”的牌，伤害+2。 | L59: enemy_single | M59: 16 | N59: 21 | O59: 1 | P59: 0 | Q59: 0 | R59: 0 | S59: 0 | T59: 0 | U59: 0 | V59: 0 | W59: 0 | X59: 0 | Y59: 0 | Z59: 0 | AA59: 0 | AB59: 0 | AC59: 0 | AD59: 0 | AE59: 0 | AF59: 0 | AG59: 0 | AH59: 0 | AI59: 0 | AJ59: 0 | AK59: none | AP59: =IF(ISNUMBER(H59),IF(AND(H59=0,V59=0,AK59="none"),0.4,IF(AK59="exhaust",MAX(H59-V59,0.4),IF(AK59="ethereal",MAX(H59-V59,0.4),MAX(H59-V59,0.4)))),IF(AND(AK59="exhaust",OR(H59="X",H59="∞")),0.4,IF(OR(H59="X",H59="∞"),0.4,0.4))) -> 2 | AQ59: 0 | AR59: 0 | AT59: v0.110.1 sts2.info | AU59: 0 | AW59: 1 | AY59: =IFERROR(MAX(IF(IF(AND(F59="能力",AL59="能力持续"),(参数!$B$2-1)*参数!$B$3,0)+M59*O59*参数!$B$5*IF(AND(F59="能力",AL59="能力持续"),参数!$B$2,1)+P59*参数!$B$6*IF(AND(F59="能力",AL59="能力持续"),参数!$B$2,1)+R59*参数!$B$7*IF(AND(F59="能力",AL59="能力持续"),参数!$B$2,1)+V59*参数!$B$8+IF(X59<0,X59*参数!$B$13,X59*参数!$B$39)+IF(AE59<0,AE59*参数!$B$13,AE59*参数!$B$12)*参数!$B$2+AQ59*参数!$B$15+AB59*参数!$B$11+AF59*参数!$B$40*参数!$B$2+AG59*参数!$B$44*参数!$B$2+AH59*参数!$B$6*参数!$B$2+AI59*参数!$B$39*参数!$B$2+AJ59*参数!$B$6*参数!$B$2+Z59*参数!$B$13-T59*参数!$B$14-AD59*参数!$B$13+IF(ISNUMBER(AU59),AU59*参数!$B$38,0)-AV59*参数!$B$41-AW59*参数!$B$14>参数!$B$17,参数!$B$17+SQRT(IF(AND(F59="能力",AL59="能力持续"),(参数!$B$2-1)*参数!$B$3,0)+M59*O59*参数!$B$5*IF(AND(F59="能力",AL59="能力持续"),参数!$B$2,1)+P59*参数!$B$6*IF(AND(F59="能力",AL59="能力持续"),参数!$B$2,1)+R59*参数!$B$7*IF(AND(F59="能力",AL59="能力持续"),参数!$B$2,1)+V59*参数!$B$8+IF(X59<0,X59*参数!$B$13,X59*参数!$B$39)+IF(AE59<0,AE59*参数!$B$13,AE59*参数!$B$12)*参数!$B$2+AQ59*参数!$B$15+AB59*参数!$B$11+AF59*参数!$B$40*参数!$B$2+AG59*参数!$B$44*参数!$B$2+AH59*参数!$B$6*参数!$B$2+AI59*参数!$B$39*参数!$B$2+AJ59*参数!$B$6*参数!$B$2+Z59*参数!$B$13-T59*参数!$B$14-AD59*参数!$B$13+IF(ISNUMBER(AU59),AU59*参数!$B$38,0)-AV59*参数!$B$41-AW59*参数!$B$14-参数!$B$17)*参数!$B$18,IF(AND(F59="能力",AL59="能力持续"),(参数!$B$2-1)*参数!$B$3,0)+M59*O59*参数!$B$5*IF(AND(F59="能力",AL59="能力持续"),参数!$B$2,1)+P59*参数!$B$6*IF(AND(F59="能力",AL59="能力持续"),参数!$B$2,1)+R59*参数!$B$7*IF(AND(F59="能力",AL59="能力持续"),参数!$B$2,1)+V59*参数!$B$8+IF(X59<0,X59*参数!$B$13,X59*参数!$B$39)+IF(AE59<0,AE59*参数!$B$13,AE59*参数!$B$12)*参数!$B$2+AQ59*参数!$B$15+AB59*参数!$B$11+AF59*参数!$B$40*参数!$B$2+AG59*参数!$B$44*参数!$B$2+AH59*参数!$B$6*参数!$B$2+AI59*参数!$B$39*参数!$B$2+AJ59*参数!$B$6*参数!$B$2+Z59*参数!$B$13-T59*参数!$B$14-AD59*参数!$B$13+IF(ISNUMBER(AU59),AU59*参数!$B$38,0)-AV59*参数!$B$41-AW59*参数!$B$14),0),0) -> 13.581201 | AZ59: =AY59-MAX(AP59,0)*参数!$B$10 -> 7.5812009 | BA59: =IF(MAX(AP59,0)=0,AY59,AY59/MAX(AP59,0)) -> 6.7906005
A60: 59 | B60: ironclad_pillage | C60: 铁甲战士 | D60: 劫掠 | E60: Pillage | F60: 攻击 | G60: 罕见 | H60: 1 | I60: 1 | J60: 造成6点伤害。 抽牌直到你抽到一张非攻击牌。 | L60: enemy_single | M60: 6 | N60: 9 | O60: 1 | P60: 0 | Q60: 0 | R60: 2 | S60: 2 | T60: 0 | U60: 0 | V60: 0 | W60: 0 | X60: 0 | Y60: 0 | Z60: 0 | AA60: 0 | AB60: 0 | AC60: 0 | AD60: 0 | AE60: 0 | AF60: 0 | AG60: 0 | AH60: 0 | AI60: 0 | AJ60: 0 | AK60: none | AP60: =IF(ISNUMBER(H60),IF(AND(H60=0,V60=0,AK60="none"),0.4,IF(AK60="exhaust",MAX(H60-V60,0.4),IF(AK60="ethereal",MAX(H60-V60,0.4),MAX(H60-V60,0.4)))),IF(AND(AK60="exhaust",OR(H60="X",H60="∞")),0.4,IF(OR(H60="X",H60="∞"),0.4,0.4))) -> 1 | AQ60: 0 | AR60: 0 | AT60: v0.110.1 sts2.info | AU60: 0 | AY60: =IFERROR(MAX(IF(IF(AND(F60="能力",AL60="能力持续"),(参数!$B$2-1)*参数!$B$3,0)+M60*O60*参数!$B$5*IF(AND(F60="能力",AL60="能力持续"),参数!$B$2,1)+P60*参数!$B$6*IF(AND(F60="能力",AL60="能力持续"),参数!$B$2,1)+R60*参数!$B$7*IF(AND(F60="能力",AL60="能力持续"),参数!$B$2,1)+V60*参数!$B$8+IF(X60<0,X60*参数!$B$13,X60*参数!$B$39)+IF(AE60<0,AE60*参数!$B$13,AE60*参数!$B$12)*参数!$B$2+AQ60*参数!$B$15+AB60*参数!$B$11+AF60*参数!$B$40*参数!$B$2+AG60*参数!$B$44*参数!$B$2+AH60*参数!$B$6*参数!$B$2+AI60*参数!$B$39*参数!$B$2+AJ60*参数!$B$6*参数!$B$2+Z60*参数!$B$13-T60*参数!$B$14-AD60*参数!$B$13+IF(ISNUMBER(AU60),AU60*参数!$B$38,0)-AV60*参数!$B$41-AW60*参数!$B$14>参数!$B$17,参数!$B$17+SQRT(IF(AND(F60="能力",AL60="能力持续"),(参数!$B$2-1)*参数!$B$3,0)+M60*O60*参数!$B$5*IF(AND(F60="能力",AL60="能力持续"),参数!$B$2,1)+P60*参数!$B$6*IF(AND(F60="能力",AL60="能力持续"),参数!$B$2,1)+R60*参数!$B$7*IF(AND(F60="能力",AL60="能力持续"),参数!$B$2,1)+V60*参数!$B$8+IF(X60<0,X60*参数!$B$13,X60*参数!$B$39)+IF(AE60<0,AE60*参数!$B$13,AE60*参数!$B$12)*参数!$B$2+AQ60*参数!$B$15+AB60*参数!$B$11+AF60*参数!$B$40*参数!$B$2+AG60*参数!$B$44*参数!$B$2+AH60*参数!$B$6*参数!$B$2+AI60*参数!$B$39*参数!$B$2+AJ60*参数!$B$6*参数!$B$2+Z60*参数!$B$13-T60*参数!$B$14-AD60*参数!$B$13+IF(ISNUMBER(AU60),AU60*参数!$B$38,0)-AV60*参数!$B$41-AW60*参数!$B$14-参数!$B$17)*参数!$B$18,IF(AND(F60="能力",AL60="能力持续"),(参数!$B$2-1)*参数!$B$3,0)+M60*O60*参数!$B$5*IF(AND(F60="能力",AL60="能力持续"),参数!$B$2,1)+P60*参数!$B$6*IF(AND(F60="能力",AL60="能力持续"),参数!$B$2,1)+R60*参数!$B$7*IF(AND(F60="能力",AL60="能力持续"),参数!$B$2,1)+V60*参数!$B$8+IF(X60<0,X60*参数!$B$13,X60*参数!$B$39)+IF(AE60<0,AE60*参数!$B$13,AE60*参数!$B$12)*参数!$B$2+AQ60*参数!$B$15+AB60*参数!$B$11+AF60*参数!$B$40*参数!$B$2+AG60*参数!$B$44*参数!$B$2+AH60*参数!$B$6*参数!$B$2+AI60*参数!$B$39*参数!$B$2+AJ60*参数!$B$6*参数!$B$2+Z60*参数!$B$13-T60*参数!$B$14-AD60*参数!$B$13+IF(ISNUMBER(AU60),AU60*参数!$B$38,0)-AV60*参数!$B$41-AW60*参数!$B$14),0),0) -> 7.4 | AZ60: =AY60-MAX(AP60,0)*参数!$B$10 -> 4.4 | BA60: =IF(MAX(AP60,0)=0,AY60,AY60/MAX(AP60,0)) -> 7.4
A61: 60 | B61: ironclad_pommel_strike | C61: 铁甲战士 | D61: 剑柄打击 | E61: Pommel Strike | F61: 攻击 | G61: 普通 | H61: 1 | I61: 1 | J61: 造成9点伤害。 抽1张牌。 | L61: enemy_single | M61: 9 | N61: 10 | O61: 1 | P61: 0 | Q61: 0 | R61: 1 | S61: 2 | T61: 0 | U61: 0 | V61: 0 | W61: 0 | X61: 0 | Y61: 0 | Z61: 0 | AA61: 0 | AB61: 0 | AC61: 0 | AD61: 0 | AE61: 0 | AF61: 0 | AG61: 0 | AH61: 0 | AI61: 0 | AJ61: 0 | AK61: none | AP61: =IF(ISNUMBER(H61),IF(AND(H61=0,V61=0,AK61="none"),0.4,IF(AK61="exhaust",MAX(H61-V61,0.4),IF(AK61="ethereal",MAX(H61-V61,0.4),MAX(H61-V61,0.4)))),IF(AND(AK61="exhaust",OR(H61="X",H61="∞")),0.4,IF(OR(H61="X",H61="∞"),0.4,0.4))) -> 1 | AQ61: 0 | AR61: 0 | AT61: v0.110.1 sts2.info | AU61: 0 | AY61: =IFERROR(MAX(IF(IF(AND(F61="能力",AL61="能力持续"),(参数!$B$2-1)*参数!$B$3,0)+M61*O61*参数!$B$5*IF(AND(F61="能力",AL61="能力持续"),参数!$B$2,1)+P61*参数!$B$6*IF(AND(F61="能力",AL61="能力持续"),参数!$B$2,1)+R61*参数!$B$7*IF(AND(F61="能力",AL61="能力持续"),参数!$B$2,1)+V61*参数!$B$8+IF(X61<0,X61*参数!$B$13,X61*参数!$B$39)+IF(AE61<0,AE61*参数!$B$13,AE61*参数!$B$12)*参数!$B$2+AQ61*参数!$B$15+AB61*参数!$B$11+AF61*参数!$B$40*参数!$B$2+AG61*参数!$B$44*参数!$B$2+AH61*参数!$B$6*参数!$B$2+AI61*参数!$B$39*参数!$B$2+AJ61*参数!$B$6*参数!$B$2+Z61*参数!$B$13-T61*参数!$B$14-AD61*参数!$B$13+IF(ISNUMBER(AU61),AU61*参数!$B$38,0)-AV61*参数!$B$41-AW61*参数!$B$14>参数!$B$17,参数!$B$17+SQRT(IF(AND(F61="能力",AL61="能力持续"),(参数!$B$2-1)*参数!$B$3,0)+M61*O61*参数!$B$5*IF(AND(F61="能力",AL61="能力持续"),参数!$B$2,1)+P61*参数!$B$6*IF(AND(F61="能力",AL61="能力持续"),参数!$B$2,1)+R61*参数!$B$7*IF(AND(F61="能力",AL61="能力持续"),参数!$B$2,1)+V61*参数!$B$8+IF(X61<0,X61*参数!$B$13,X61*参数!$B$39)+IF(AE61<0,AE61*参数!$B$13,AE61*参数!$B$12)*参数!$B$2+AQ61*参数!$B$15+AB61*参数!$B$11+AF61*参数!$B$40*参数!$B$2+AG61*参数!$B$44*参数!$B$2+AH61*参数!$B$6*参数!$B$2+AI61*参数!$B$39*参数!$B$2+AJ61*参数!$B$6*参数!$B$2+Z61*参数!$B$13-T61*参数!$B$14-AD61*参数!$B$13+IF(ISNUMBER(AU61),AU61*参数!$B$38,0)-AV61*参数!$B$41-AW61*参数!$B$14-参数!$B$17)*参数!$B$18,IF(AND(F61="能力",AL61="能力持续"),(参数!$B$2-1)*参数!$B$3,0)+M61*O61*参数!$B$5*IF(AND(F61="能力",AL61="能力持续"),参数!$B$2,1)+P61*参数!$B$6*IF(AND(F61="能力",AL61="能力持续"),参数!$B$2,1)+R61*参数!$B$7*IF(AND(F61="能力",AL61="能力持续"),参数!$B$2,1)+V61*参数!$B$8+IF(X61<0,X61*参数!$B$13,X61*参数!$B$39)+IF(AE61<0,AE61*参数!$B$13,AE61*参数!$B$12)*参数!$B$2+AQ61*参数!$B$15+AB61*参数!$B$11+AF61*参数!$B$40*参数!$B$2+AG61*参数!$B$44*参数!$B$2+AH61*参数!$B$6*参数!$B$2+AI61*参数!$B$39*参数!$B$2+AJ61*参数!$B$6*参数!$B$2+Z61*参数!$B$13-T61*参数!$B$14-AD61*参数!$B$13+IF(ISNUMBER(AU61),AU61*参数!$B$38,0)-AV61*参数!$B$41-AW61*参数!$B$14),0),0) -> 9.7 | AZ61: =AY61-MAX(AP61,0)*参数!$B$10 -> 6.7 | BA61: =IF(MAX(AP61,0)=0,AY61,AY61/MAX(AP61,0)) -> 9.7
A62: 61 | B62: ironclad_primal_force | C62: 铁甲战士 | D62: 原始力量 | E62: Primal Force | F62: 技能 | G62: 稀有 | H62: 0 | I62: 0 | J62: 将手牌中的所有攻击牌变化为巨石。 | L62: self | M62: =参数!$B$49*参数!$B$47 -> 40 | N62: 0 | O62: 1 | P62: 0 | Q62: 0 | R62: 0 | S62: 0 | T62: 0 | U62: 0 | V62: 0 | W62: 0 | X62: 0 | Y62: 0 | Z62: 0 | AA62: 0 | AB62: 0 | AC62: 0 | AD62: 0 | AE62: 0 | AF62: 0 | AG62: 0 | AH62: 0 | AI62: 0 | AJ62: 0 | AK62: none | AP62: =IF(ISNUMBER(H62),IF(AND(H62=0,V62=0,AK62="none"),0.4,IF(AK62="exhaust",MAX(H62-V62,0.4),IF(AK62="ethereal",MAX(H62-V62,0.4),MAX(H62-V62,0.4)))),IF(AND(AK62="exhaust",OR(H62="X",H62="∞")),0.4,IF(OR(H62="X",H62="∞"),0.4,0.4))) -> 0.4 | AQ62: 0 | AR62: 0 | AT62: v0.110.1 sts2.info | AU62: 0 | AY62: =IFERROR(MAX(IF(IF(AND(F62="能力",AL62="能力持续"),(参数!$B$2-1)*参数!$B$3,0)+M62*O62*参数!$B$5*IF(AND(F62="能力",AL62="能力持续"),参数!$B$2,1)+P62*参数!$B$6*IF(AND(F62="能力",AL62="能力持续"),参数!$B$2,1)+R62*参数!$B$7*IF(AND(F62="能力",AL62="能力持续"),参数!$B$2,1)+V62*参数!$B$8+IF(X62<0,X62*参数!$B$13,X62*参数!$B$39)+IF(AE62<0,AE62*参数!$B$13,AE62*参数!$B$12)*参数!$B$2+AQ62*参数!$B$15+AB62*参数!$B$11+AF62*参数!$B$40*参数!$B$2+AG62*参数!$B$44*参数!$B$2+AH62*参数!$B$6*参数!$B$2+AI62*参数!$B$39*参数!$B$2+AJ62*参数!$B$6*参数!$B$2+Z62*参数!$B$13-T62*参数!$B$14-AD62*参数!$B$13+IF(ISNUMBER(AU62),AU62*参数!$B$38,0)-AV62*参数!$B$41-AW62*参数!$B$14>参数!$B$17,参数!$B$17+SQRT(IF(AND(F62="能力",AL62="能力持续"),(参数!$B$2-1)*参数!$B$3,0)+M62*O62*参数!$B$5*IF(AND(F62="能力",AL62="能力持续"),参数!$B$2,1)+P62*参数!$B$6*IF(AND(F62="能力",AL62="能力持续"),参数!$B$2,1)+R62*参数!$B$7*IF(AND(F62="能力",AL62="能力持续"),参数!$B$2,1)+V62*参数!$B$8+IF(X62<0,X62*参数!$B$13,X62*参数!$B$39)+IF(AE62<0,AE62*参数!$B$13,AE62*参数!$B$12)*参数!$B$2+AQ62*参数!$B$15+AB62*参数!$B$11+AF62*参数!$B$40*参数!$B$2+AG62*参数!$B$44*参数!$B$2+AH62*参数!$B$6*参数!$B$2+AI62*参数!$B$39*参数!$B$2+AJ62*参数!$B$6*参数!$B$2+Z62*参数!$B$13-T62*参数!$B$14-AD62*参数!$B$13+IF(ISNUMBER(AU62),AU62*参数!$B$38,0)-AV62*参数!$B$41-AW62*参数!$B$14-参数!$B$17)*参数!$B$18,IF(AND(F62="能力",AL62="能力持续"),(参数!$B$2-1)*参数!$B$3,0)+M62*O62*参数!$B$5*IF(AND(F62="能力",AL62="能力持续"),参数!$B$2,1)+P62*参数!$B$6*IF(AND(F62="能力",AL62="能力持续"),参数!$B$2,1)+R62*参数!$B$7*IF(AND(F62="能力",AL62="能力持续"),参数!$B$2,1)+V62*参数!$B$8+IF(X62<0,X62*参数!$B$13,X62*参数!$B$39)+IF(AE62<0,AE62*参数!$B$13,AE62*参数!$B$12)*参数!$B$2+AQ62*参数!$B$15+AB62*参数!$B$11+AF62*参数!$B$40*参数!$B$2+AG62*参数!$B$44*参数!$B$2+AH62*参数!$B$6*参数!$B$2+AI62*参数!$B$39*参数!$B$2+AJ62*参数!$B$6*参数!$B$2+Z62*参数!$B$13-T62*参数!$B$14-AD62*参数!$B$13+IF(ISNUMBER(AU62),AU62*参数!$B$38,0)-AV62*参数!$B$41-AW62*参数!$B$14),0),0) -> 18.215838 | AZ62: =AY62-MAX(AP62,0)*参数!$B$10 -> 17.015838 | BA62: =IF(MAX(AP62,0)=0,AY62,AY62/MAX(AP62,0)) -> 45.539596
A63: 62 | B63: ironclad_pyre | C63: 铁甲战士 | D63: 薪火之源 | E63: Pyre | F63: 能力 | G63: 稀有 | H63: 2 | I63: 2 | J63: 在回合开始时，获得能量 | L63: self | M63: 0 | N63: 0 | O63: 1 | P63: 0 | Q63: 0 | R63: 0 | S63: 0 | T63: 0 | U63: 0 | V63: =参数!$B$2*3 -> 12 | W63: 6 | X63: 0 | Y63: 0 | Z63: 0 | AA63: 0 | AB63: 0 | AC63: 0 | AD63: 0 | AE63: 0 | AF63: 0 | AG63: 0 | AH63: 0 | AI63: 0 | AJ63: 0 | AK63: none | AL63: 能力持续 | AN63: 能力 | AP63: =IF(ISNUMBER(H63),IF(AND(H63=0,V63=0,AK63="none"),0.4,IF(AK63="exhaust",MAX(H63-V63,0.4),IF(AK63="ethereal",MAX(H63-V63,0.4),MAX(H63-V63,0.4)))),IF(AND(AK63="exhaust",OR(H63="X",H63="∞")),0.4,IF(OR(H63="X",H63="∞"),0.4,0.4))) -> 0.4 | AQ63: 0 | AR63: 0 | AT63: v0.110.1 sts2.info | AU63: 0 | AY63: =IFERROR(MAX(IF(IF(AND(F63="能力",AL63="能力持续"),(参数!$B$2-1)*参数!$B$3,0)+M63*O63*参数!$B$5*IF(AND(F63="能力",AL63="能力持续"),参数!$B$2,1)+P63*参数!$B$6*IF(AND(F63="能力",AL63="能力持续"),参数!$B$2,1)+R63*参数!$B$7*IF(AND(F63="能力",AL63="能力持续"),参数!$B$2,1)+V63*参数!$B$8+IF(X63<0,X63*参数!$B$13,X63*参数!$B$39)+IF(AE63<0,AE63*参数!$B$13,AE63*参数!$B$12)*参数!$B$2+AQ63*参数!$B$15+AB63*参数!$B$11+AF63*参数!$B$40*参数!$B$2+AG63*参数!$B$44*参数!$B$2+AH63*参数!$B$6*参数!$B$2+AI63*参数!$B$39*参数!$B$2+AJ63*参数!$B$6*参数!$B$2+Z63*参数!$B$13-T63*参数!$B$14-AD63*参数!$B$13+IF(ISNUMBER(AU63),AU63*参数!$B$38,0)-AV63*参数!$B$41-AW63*参数!$B$14>参数!$B$17,参数!$B$17+SQRT(IF(AND(F63="能力",AL63="能力持续"),(参数!$B$2-1)*参数!$B$3,0)+M63*O63*参数!$B$5*IF(AND(F63="能力",AL63="能力持续"),参数!$B$2,1)+P63*参数!$B$6*IF(AND(F63="能力",AL63="能力持续"),参数!$B$2,1)+R63*参数!$B$7*IF(AND(F63="能力",AL63="能力持续"),参数!$B$2,1)+V63*参数!$B$8+IF(X63<0,X63*参数!$B$13,X63*参数!$B$39)+IF(AE63<0,AE63*参数!$B$13,AE63*参数!$B$12)*参数!$B$2+AQ63*参数!$B$15+AB63*参数!$B$11+AF63*参数!$B$40*参数!$B$2+AG63*参数!$B$44*参数!$B$2+AH63*参数!$B$6*参数!$B$2+AI63*参数!$B$39*参数!$B$2+AJ63*参数!$B$6*参数!$B$2+Z63*参数!$B$13-T63*参数!$B$14-AD63*参数!$B$13+IF(ISNUMBER(AU63),AU63*参数!$B$38,0)-AV63*参数!$B$41-AW63*参数!$B$14-参数!$B$17)*参数!$B$18,IF(AND(F63="能力",AL63="能力持续"),(参数!$B$2-1)*参数!$B$3,0)+M63*O63*参数!$B$5*IF(AND(F63="能力",AL63="能力持续"),参数!$B$2,1)+P63*参数!$B$6*IF(AND(F63="能力",AL63="能力持续"),参数!$B$2,1)+R63*参数!$B$7*IF(AND(F63="能力",AL63="能力持续"),参数!$B$2,1)+V63*参数!$B$8+IF(X63<0,X63*参数!$B$13,X63*参数!$B$39)+IF(AE63<0,AE63*参数!$B$13,AE63*参数!$B$12)*参数!$B$2+AQ63*参数!$B$15+AB63*参数!$B$11+AF63*参数!$B$40*参数!$B$2+AG63*参数!$B$44*参数!$B$2+AH63*参数!$B$6*参数!$B$2+AI63*参数!$B$39*参数!$B$2+AJ63*参数!$B$6*参数!$B$2+Z63*参数!$B$13-T63*参数!$B$14-AD63*参数!$B$13+IF(ISNUMBER(AU63),AU63*参数!$B$38,0)-AV63*参数!$B$41-AW63*参数!$B$14),0),0) -> 18.160882 | AZ63: =AY63-MAX(AP63,0)*参数!$B$10 -> 16.960882 | BA63: =IF(MAX(AP63,0)=0,AY63,AY63/MAX(AP63,0)) -> 45.402206
A64: 63 | B64: ironclad_rage | C64: 铁甲战士 | D64: 狂怒 | E64: Rage | F64: 技能 | G64: 罕见 | H64: 0 | I64: 0 | J64: 打出此牌后，你在这个回合内每打出一张攻击牌，获得3点格挡。 | L64: self | M64: 0 | N64: 0 | O64: 2 | P64: 3 | Q64: 6 | R64: 0 | S64: 0 | T64: 0 | U64: 0 | V64: 0 | W64: 0 | X64: 0 | Y64: 0 | Z64: 0 | AA64: 0 | AB64: 0 | AC64: 0 | AD64: 0 | AE64: 0 | AF64: 0 | AG64: 0 | AH64: 0 | AI64: 0 | AJ64: 0 | AK64: none | AN64: 本回合 | AP64: =IF(ISNUMBER(H64),IF(AND(H64=0,V64=0,AK64="none"),0.4,IF(AK64="exhaust",MAX(H64-V64,0.4),IF(AK64="ethereal",MAX(H64-V64,0.4),MAX(H64-V64,0.4)))),IF(AND(AK64="exhaust",OR(H64="X",H64="∞")),0.4,IF(OR(H64="X",H64="∞"),0.4,0.4))) -> 0.4 | AQ64: 0 | AR64: 0 | AT64: v0.110.1 sts2.info | AU64: 0 | AY64: =IFERROR(MAX(IF(IF(AND(F64="能力",AL64="能力持续"),(参数!$B$2-1)*参数!$B$3,0)+M64*O64*参数!$B$5*IF(AND(F64="能力",AL64="能力持续"),参数!$B$2,1)+P64*参数!$B$6*IF(AND(F64="能力",AL64="能力持续"),参数!$B$2,1)+R64*参数!$B$7*IF(AND(F64="能力",AL64="能力持续"),参数!$B$2,1)+V64*参数!$B$8+IF(X64<0,X64*参数!$B$13,X64*参数!$B$39)+IF(AE64<0,AE64*参数!$B$13,AE64*参数!$B$12)*参数!$B$2+AQ64*参数!$B$15+AB64*参数!$B$11+AF64*参数!$B$40*参数!$B$2+AG64*参数!$B$44*参数!$B$2+AH64*参数!$B$6*参数!$B$2+AI64*参数!$B$39*参数!$B$2+AJ64*参数!$B$6*参数!$B$2+Z64*参数!$B$13-T64*参数!$B$14-AD64*参数!$B$13+IF(ISNUMBER(AU64),AU64*参数!$B$38,0)-AV64*参数!$B$41-AW64*参数!$B$14>参数!$B$17,参数!$B$17+SQRT(IF(AND(F64="能力",AL64="能力持续"),(参数!$B$2-1)*参数!$B$3,0)+M64*O64*参数!$B$5*IF(AND(F64="能力",AL64="能力持续"),参数!$B$2,1)+P64*参数!$B$6*IF(AND(F64="能力",AL64="能力持续"),参数!$B$2,1)+R64*参数!$B$7*IF(AND(F64="能力",AL64="能力持续"),参数!$B$2,1)+V64*参数!$B$8+IF(X64<0,X64*参数!$B$13,X64*参数!$B$39)+IF(AE64<0,AE64*参数!$B$13,AE64*参数!$B$12)*参数!$B$2+AQ64*参数!$B$15+AB64*参数!$B$11+AF64*参数!$B$40*参数!$B$2+AG64*参数!$B$44*参数!$B$2+AH64*参数!$B$6*参数!$B$2+AI64*参数!$B$39*参数!$B$2+AJ64*参数!$B$6*参数!$B$2+Z64*参数!$B$13-T64*参数!$B$14-AD64*参数!$B$13+IF(ISNUMBER(AU64),AU64*参数!$B$38,0)-AV64*参数!$B$41-AW64*参数!$B$14-参数!$B$17)*参数!$B$18,IF(AND(F64="能力",AL64="能力持续"),(参数!$B$2-1)*参数!$B$3,0)+M64*O64*参数!$B$5*IF(AND(F64="能力",AL64="能力持续"),参数!$B$2,1)+P64*参数!$B$6*IF(AND(F64="能力",AL64="能力持续"),参数!$B$2,1)+R64*参数!$B$7*IF(AND(F64="能力",AL64="能力持续"),参数!$B$2,1)+V64*参数!$B$8+IF(X64<0,X64*参数!$B$13,X64*参数!$B$39)+IF(AE64<0,AE64*参数!$B$13,AE64*参数!$B$12)*参数!$B$2+AQ64*参数!$B$15+AB64*参数!$B$11+AF64*参数!$B$40*参数!$B$2+AG64*参数!$B$44*参数!$B$2+AH64*参数!$B$6*参数!$B$2+AI64*参数!$B$39*参数!$B$2+AJ64*参数!$B$6*参数!$B$2+Z64*参数!$B$13-T64*参数!$B$14-AD64*参数!$B$13+IF(ISNUMBER(AU64),AU64*参数!$B$38,0)-AV64*参数!$B$41-AW64*参数!$B$14),0),0) -> 3.3 | AZ64: =AY64-MAX(AP64,0)*参数!$B$10 -> 2.1 | BA64: =IF(MAX(AP64,0)=0,AY64,AY64/MAX(AP64,0)) -> 8.25
A65: 64 | B65: ironclad_rampage | C65: 铁甲战士 | D65: 暴走 | E65: Rampage | F65: 攻击 | G65: 罕见 | H65: 1 | I65: 1 | J65: 造成9点伤害。 将这张牌在本场战斗中的伤害增加。 | L65: enemy_single | M65: =9+5 -> 14 | N65: =9+9 -> 18 | O65: 1 | P65: 0 | Q65: 0 | R65: 0 | S65: 0 | T65: 0 | U65: 0 | V65: 0 | W65: 0 | X65: 0 | Y65: 0 | Z65: 0 | AA65: 0 | AB65: 0 | AC65: 0 | AD65: 0 | AE65: 0 | AF65: 0 | AG65: 0 | AH65: 0 | AI65: 0 | AJ65: 0 | AK65: none | AP65: =IF(ISNUMBER(H65),IF(AND(H65=0,V65=0,AK65="none"),0.4,IF(AK65="exhaust",MAX(H65-V65,0.4),IF(AK65="ethereal",MAX(H65-V65,0.4),MAX(H65-V65,0.4)))),IF(AND(AK65="exhaust",OR(H65="X",H65="∞")),0.4,IF(OR(H65="X",H65="∞"),0.4,0.4))) -> 1 | AQ65: 0 | AR65: 0 | AT65: v0.110.1 sts2.info | AU65: 0 | AW65: 1 | AY65: =IFERROR(MAX(IF(IF(AND(F65="能力",AL65="能力持续"),(参数!$B$2-1)*参数!$B$3,0)+M65*O65*参数!$B$5*IF(AND(F65="能力",AL65="能力持续"),参数!$B$2,1)+P65*参数!$B$6*IF(AND(F65="能力",AL65="能力持续"),参数!$B$2,1)+R65*参数!$B$7*IF(AND(F65="能力",AL65="能力持续"),参数!$B$2,1)+V65*参数!$B$8+IF(X65<0,X65*参数!$B$13,X65*参数!$B$39)+IF(AE65<0,AE65*参数!$B$13,AE65*参数!$B$12)*参数!$B$2+AQ65*参数!$B$15+AB65*参数!$B$11+AF65*参数!$B$40*参数!$B$2+AG65*参数!$B$44*参数!$B$2+AH65*参数!$B$6*参数!$B$2+AI65*参数!$B$39*参数!$B$2+AJ65*参数!$B$6*参数!$B$2+Z65*参数!$B$13-T65*参数!$B$14-AD65*参数!$B$13+IF(ISNUMBER(AU65),AU65*参数!$B$38,0)-AV65*参数!$B$41-AW65*参数!$B$14>参数!$B$17,参数!$B$17+SQRT(IF(AND(F65="能力",AL65="能力持续"),(参数!$B$2-1)*参数!$B$3,0)+M65*O65*参数!$B$5*IF(AND(F65="能力",AL65="能力持续"),参数!$B$2,1)+P65*参数!$B$6*IF(AND(F65="能力",AL65="能力持续"),参数!$B$2,1)+R65*参数!$B$7*IF(AND(F65="能力",AL65="能力持续"),参数!$B$2,1)+V65*参数!$B$8+IF(X65<0,X65*参数!$B$13,X65*参数!$B$39)+IF(AE65<0,AE65*参数!$B$13,AE65*参数!$B$12)*参数!$B$2+AQ65*参数!$B$15+AB65*参数!$B$11+AF65*参数!$B$40*参数!$B$2+AG65*参数!$B$44*参数!$B$2+AH65*参数!$B$6*参数!$B$2+AI65*参数!$B$39*参数!$B$2+AJ65*参数!$B$6*参数!$B$2+Z65*参数!$B$13-T65*参数!$B$14-AD65*参数!$B$13+IF(ISNUMBER(AU65),AU65*参数!$B$38,0)-AV65*参数!$B$41-AW65*参数!$B$14-参数!$B$17)*参数!$B$18,IF(AND(F65="能力",AL65="能力持续"),(参数!$B$2-1)*参数!$B$3,0)+M65*O65*参数!$B$5*IF(AND(F65="能力",AL65="能力持续"),参数!$B$2,1)+P65*参数!$B$6*IF(AND(F65="能力",AL65="能力持续"),参数!$B$2,1)+R65*参数!$B$7*IF(AND(F65="能力",AL65="能力持续"),参数!$B$2,1)+V65*参数!$B$8+IF(X65<0,X65*参数!$B$13,X65*参数!$B$39)+IF(AE65<0,AE65*参数!$B$13,AE65*参数!$B$12)*参数!$B$2+AQ65*参数!$B$15+AB65*参数!$B$11+AF65*参数!$B$40*参数!$B$2+AG65*参数!$B$44*参数!$B$2+AH65*参数!$B$6*参数!$B$2+AI65*参数!$B$39*参数!$B$2+AJ65*参数!$B$6*参数!$B$2+Z65*参数!$B$13-T65*参数!$B$14-AD65*参数!$B$13+IF(ISNUMBER(AU65),AU65*参数!$B$38,0)-AV65*参数!$B$41-AW65*参数!$B$14),0),0) -> 12.885308 | AZ65: =AY65-MAX(AP65,0)*参数!$B$10 -> 9.8853076 | BA65: =IF(MAX(AP65,0)=0,AY65,AY65/MAX(AP65,0)) -> 12.885308
A66: 65 | B66: ironclad_rupture | C66: 铁甲战士 | D66: 撕裂 | E66: Rupture | F66: 能力 | G66: 罕见 | H66: 1 | I66: 1 | J66: 每当你在你的回合失去生命值时, 获得1点力量。 | L66: self | M66: 0 | N66: 0 | O66: 1 | P66: 0 | Q66: 0 | R66: 0 | S66: 0 | T66: 0 | U66: 0 | V66: 0 | W66: 0 | X66: 0 | Y66: 0 | Z66: 0 | AA66: 0 | AB66: 0 | AC66: 0 | AD66: 0 | AE66: 1 | AF66: 0 | AG66: 0 | AH66: 0 | AI66: 0 | AJ66: 0 | AK66: none | AL66: 能力持续 | AN66: 能力 | AP66: =IF(ISNUMBER(H66),IF(AND(H66=0,V66=0,AK66="none"),0.4,IF(AK66="exhaust",MAX(H66-V66,0.4),IF(AK66="ethereal",MAX(H66-V66,0.4),MAX(H66-V66,0.4)))),IF(AND(AK66="exhaust",OR(H66="X",H66="∞")),0.4,IF(OR(H66="X",H66="∞"),0.4,0.4))) -> 1 | AQ66: 0 | AR66: 0 | AT66: v0.110.1 sts2.info | AU66: 0 | AV66: 2 | AY66: =IFERROR(MAX(IF(IF(AND(F66="能力",AL66="能力持续"),(参数!$B$2-1)*参数!$B$3,0)+M66*O66*参数!$B$5*IF(AND(F66="能力",AL66="能力持续"),参数!$B$2,1)+P66*参数!$B$6*IF(AND(F66="能力",AL66="能力持续"),参数!$B$2,1)+R66*参数!$B$7*IF(AND(F66="能力",AL66="能力持续"),参数!$B$2,1)+V66*参数!$B$8+IF(X66<0,X66*参数!$B$13,X66*参数!$B$39)+IF(AE66<0,AE66*参数!$B$13,AE66*参数!$B$12)*参数!$B$2+AQ66*参数!$B$15+AB66*参数!$B$11+AF66*参数!$B$40*参数!$B$2+AG66*参数!$B$44*参数!$B$2+AH66*参数!$B$6*参数!$B$2+AI66*参数!$B$39*参数!$B$2+AJ66*参数!$B$6*参数!$B$2+Z66*参数!$B$13-T66*参数!$B$14-AD66*参数!$B$13+IF(ISNUMBER(AU66),AU66*参数!$B$38,0)-AV66*参数!$B$41-AW66*参数!$B$14>参数!$B$17,参数!$B$17+SQRT(IF(AND(F66="能力",AL66="能力持续"),(参数!$B$2-1)*参数!$B$3,0)+M66*O66*参数!$B$5*IF(AND(F66="能力",AL66="能力持续"),参数!$B$2,1)+P66*参数!$B$6*IF(AND(F66="能力",AL66="能力持续"),参数!$B$2,1)+R66*参数!$B$7*IF(AND(F66="能力",AL66="能力持续"),参数!$B$2,1)+V66*参数!$B$8+IF(X66<0,X66*参数!$B$13,X66*参数!$B$39)+IF(AE66<0,AE66*参数!$B$13,AE66*参数!$B$12)*参数!$B$2+AQ66*参数!$B$15+AB66*参数!$B$11+AF66*参数!$B$40*参数!$B$2+AG66*参数!$B$44*参数!$B$2+AH66*参数!$B$6*参数!$B$2+AI66*参数!$B$39*参数!$B$2+AJ66*参数!$B$6*参数!$B$2+Z66*参数!$B$13-T66*参数!$B$14-AD66*参数!$B$13+IF(ISNUMBER(AU66),AU66*参数!$B$38,0)-AV66*参数!$B$41-AW66*参数!$B$14-参数!$B$17)*参数!$B$18,IF(AND(F66="能力",AL66="能力持续"),(参数!$B$2-1)*参数!$B$3,0)+M66*O66*参数!$B$5*IF(AND(F66="能力",AL66="能力持续"),参数!$B$2,1)+P66*参数!$B$6*IF(AND(F66="能力",AL66="能力持续"),参数!$B$2,1)+R66*参数!$B$7*IF(AND(F66="能力",AL66="能力持续"),参数!$B$2,1)+V66*参数!$B$8+IF(X66<0,X66*参数!$B$13,X66*参数!$B$39)+IF(AE66<0,AE66*参数!$B$13,AE66*参数!$B$12)*参数!$B$2+AQ66*参数!$B$15+AB66*参数!$B$11+AF66*参数!$B$40*参数!$B$2+AG66*参数!$B$44*参数!$B$2+AH66*参数!$B$6*参数!$B$2+AI66*参数!$B$39*参数!$B$2+AJ66*参数!$B$6*参数!$B$2+Z66*参数!$B$13-T66*参数!$B$14-AD66*参数!$B$13+IF(ISNUMBER(AU66),AU66*参数!$B$38,0)-AV66*参数!$B$41-AW66*参数!$B$14),0),0) -> 2.4 | AZ66: =AY66-MAX(AP66,0)*参数!$B$10 -> -0.6 | BA66: =IF(MAX(AP66,0)=0,AY66,AY66/MAX(AP66,0)) -> 2.4
A67: 66 | B67: ironclad_second_wind | C67: 铁甲战士 | D67: 重振精神 | E67: Second Wind | F67: 技能 | G67: 罕见 | H67: 1 | I67: 1 | J67: 消耗手牌中所有非攻击牌，每张获得5点格挡。 | K67: 含消耗其他牌效果 | L67: self | M67: 0 | N67: 0 | O67: 3 | P67: 15 | Q67: 7 | R67: 0 | S67: 0 | T67: 0 | U67: 0 | V67: 0 | W67: 0 | X67: 0 | Y67: 0 | Z67: 0 | AA67: 0 | AB67: 0 | AC67: 0 | AD67: 0 | AE67: 0 | AF67: 0 | AG67: 0 | AH67: 0 | AI67: 0 | AJ67: 0 | AK67: none | AO67: 含消耗其他牌效果 | AP67: =IF(ISNUMBER(H67),IF(AND(H67=0,V67=0,AK67="none"),0.4,IF(AK67="exhaust",MAX(H67-V67,0.4),IF(AK67="ethereal",MAX(H67-V67,0.4),MAX(H67-V67,0.4)))),IF(AND(AK67="exhaust",OR(H67="X",H67="∞")),0.4,IF(OR(H67="X",H67="∞"),0.4,0.4))) -> 1 | AQ67: 0 | AR67: 0 | AT67: v0.110.1 sts2.info | AU67: 0 | AW67: 3 | AY67: =IFERROR(MAX(IF(IF(AND(F67="能力",AL67="能力持续"),(参数!$B$2-1)*参数!$B$3,0)+M67*O67*参数!$B$5*IF(AND(F67="能力",AL67="能力持续"),参数!$B$2,1)+P67*参数!$B$6*IF(AND(F67="能力",AL67="能力持续"),参数!$B$2,1)+R67*参数!$B$7*IF(AND(F67="能力",AL67="能力持续"),参数!$B$2,1)+V67*参数!$B$8+IF(X67<0,X67*参数!$B$13,X67*参数!$B$39)+IF(AE67<0,AE67*参数!$B$13,AE67*参数!$B$12)*参数!$B$2+AQ67*参数!$B$15+AB67*参数!$B$11+AF67*参数!$B$40*参数!$B$2+AG67*参数!$B$44*参数!$B$2+AH67*参数!$B$6*参数!$B$2+AI67*参数!$B$39*参数!$B$2+AJ67*参数!$B$6*参数!$B$2+Z67*参数!$B$13-T67*参数!$B$14-AD67*参数!$B$13+IF(ISNUMBER(AU67),AU67*参数!$B$38,0)-AV67*参数!$B$41-AW67*参数!$B$14>参数!$B$17,参数!$B$17+SQRT(IF(AND(F67="能力",AL67="能力持续"),(参数!$B$2-1)*参数!$B$3,0)+M67*O67*参数!$B$5*IF(AND(F67="能力",AL67="能力持续"),参数!$B$2,1)+P67*参数!$B$6*IF(AND(F67="能力",AL67="能力持续"),参数!$B$2,1)+R67*参数!$B$7*IF(AND(F67="能力",AL67="能力持续"),参数!$B$2,1)+V67*参数!$B$8+IF(X67<0,X67*参数!$B$13,X67*参数!$B$39)+IF(AE67<0,AE67*参数!$B$13,AE67*参数!$B$12)*参数!$B$2+AQ67*参数!$B$15+AB67*参数!$B$11+AF67*参数!$B$40*参数!$B$2+AG67*参数!$B$44*参数!$B$2+AH67*参数!$B$6*参数!$B$2+AI67*参数!$B$39*参数!$B$2+AJ67*参数!$B$6*参数!$B$2+Z67*参数!$B$13-T67*参数!$B$14-AD67*参数!$B$13+IF(ISNUMBER(AU67),AU67*参数!$B$38,0)-AV67*参数!$B$41-AW67*参数!$B$14-参数!$B$17)*参数!$B$18,IF(AND(F67="能力",AL67="能力持续"),(参数!$B$2-1)*参数!$B$3,0)+M67*O67*参数!$B$5*IF(AND(F67="能力",AL67="能力持续"),参数!$B$2,1)+P67*参数!$B$6*IF(AND(F67="能力",AL67="能力持续"),参数!$B$2,1)+R67*参数!$B$7*IF(AND(F67="能力",AL67="能力持续"),参数!$B$2,1)+V67*参数!$B$8+IF(X67<0,X67*参数!$B$13,X67*参数!$B$39)+IF(AE67<0,AE67*参数!$B$13,AE67*参数!$B$12)*参数!$B$2+AQ67*参数!$B$15+AB67*参数!$B$11+AF67*参数!$B$40*参数!$B$2+AG67*参数!$B$44*参数!$B$2+AH67*参数!$B$6*参数!$B$2+AI67*参数!$B$39*参数!$B$2+AJ67*参数!$B$6*参数!$B$2+Z67*参数!$B$13-T67*参数!$B$14-AD67*参数!$B$13+IF(ISNUMBER(AU67),AU67*参数!$B$38,0)-AV67*参数!$B$41-AW67*参数!$B$14),0),0) -> 13.549648 | AZ67: =AY67-MAX(AP67,0)*参数!$B$10 -> 10.549648 | BA67: =IF(MAX(AP67,0)=0,AY67,AY67/MAX(AP67,0)) -> 13.549648
A68: 67 | B68: ironclad_setup_strike | C68: 铁甲战士 | D68: 预备打击 | E68: Setup Strike | F68: 攻击 | G68: 普通 | H68: 1 | I68: 1 | J68: 造成7点伤害。 在本回合内获得2点力量。 | L68: enemy_single | M68: 7 | N68: 9 | O68: 1 | P68: 0 | Q68: 0 | R68: 0 | S68: 0 | T68: 0 | U68: 0 | V68: 0 | W68: 0 | X68: 0 | Y68: 0 | Z68: 0 | AA68: 0 | AB68: 0 | AC68: 0 | AD68: 0 | AE68: 2 | AF68: 0 | AG68: 0 | AH68: 0 | AI68: 0 | AJ68: 0 | AK68: none | AN68: 本回合 | AP68: =IF(ISNUMBER(H68),IF(AND(H68=0,V68=0,AK68="none"),0.4,IF(AK68="exhaust",MAX(H68-V68,0.4),IF(AK68="ethereal",MAX(H68-V68,0.4),MAX(H68-V68,0.4)))),IF(AND(AK68="exhaust",OR(H68="X",H68="∞")),0.4,IF(OR(H68="X",H68="∞"),0.4,0.4))) -> 1 | AQ68: 0 | AR68: 0 | AT68: v0.110.1 sts2.info | AU68: 0 | AV68: 1 | AY68: =IFERROR(MAX(IF(IF(AND(F68="能力",AL68="能力持续"),(参数!$B$2-1)*参数!$B$3,0)+M68*O68*参数!$B$5*IF(AND(F68="能力",AL68="能力持续"),参数!$B$2,1)+P68*参数!$B$6*IF(AND(F68="能力",AL68="能力持续"),参数!$B$2,1)+R68*参数!$B$7*IF(AND(F68="能力",AL68="能力持续"),参数!$B$2,1)+V68*参数!$B$8+IF(X68<0,X68*参数!$B$13,X68*参数!$B$39)+IF(AE68<0,AE68*参数!$B$13,AE68*参数!$B$12)*参数!$B$2+AQ68*参数!$B$15+AB68*参数!$B$11+AF68*参数!$B$40*参数!$B$2+AG68*参数!$B$44*参数!$B$2+AH68*参数!$B$6*参数!$B$2+AI68*参数!$B$39*参数!$B$2+AJ68*参数!$B$6*参数!$B$2+Z68*参数!$B$13-T68*参数!$B$14-AD68*参数!$B$13+IF(ISNUMBER(AU68),AU68*参数!$B$38,0)-AV68*参数!$B$41-AW68*参数!$B$14>参数!$B$17,参数!$B$17+SQRT(IF(AND(F68="能力",AL68="能力持续"),(参数!$B$2-1)*参数!$B$3,0)+M68*O68*参数!$B$5*IF(AND(F68="能力",AL68="能力持续"),参数!$B$2,1)+P68*参数!$B$6*IF(AND(F68="能力",AL68="能力持续"),参数!$B$2,1)+R68*参数!$B$7*IF(AND(F68="能力",AL68="能力持续"),参数!$B$2,1)+V68*参数!$B$8+IF(X68<0,X68*参数!$B$13,X68*参数!$B$39)+IF(AE68<0,AE68*参数!$B$13,AE68*参数!$B$12)*参数!$B$2+AQ68*参数!$B$15+AB68*参数!$B$11+AF68*参数!$B$40*参数!$B$2+AG68*参数!$B$44*参数!$B$2+AH68*参数!$B$6*参数!$B$2+AI68*参数!$B$39*参数!$B$2+AJ68*参数!$B$6*参数!$B$2+Z68*参数!$B$13-T68*参数!$B$14-AD68*参数!$B$13+IF(ISNUMBER(AU68),AU68*参数!$B$38,0)-AV68*参数!$B$41-AW68*参数!$B$14-参数!$B$17)*参数!$B$18,IF(AND(F68="能力",AL68="能力持续"),(参数!$B$2-1)*参数!$B$3,0)+M68*O68*参数!$B$5*IF(AND(F68="能力",AL68="能力持续"),参数!$B$2,1)+P68*参数!$B$6*IF(AND(F68="能力",AL68="能力持续"),参数!$B$2,1)+R68*参数!$B$7*IF(AND(F68="能力",AL68="能力持续"),参数!$B$2,1)+V68*参数!$B$8+IF(X68<0,X68*参数!$B$13,X68*参数!$B$39)+IF(AE68<0,AE68*参数!$B$13,AE68*参数!$B$12)*参数!$B$2+AQ68*参数!$B$15+AB68*参数!$B$11+AF68*参数!$B$40*参数!$B$2+AG68*参数!$B$44*参数!$B$2+AH68*参数!$B$6*参数!$B$2+AI68*参数!$B$39*参数!$B$2+AJ68*参数!$B$6*参数!$B$2+Z68*参数!$B$13-T68*参数!$B$14-AD68*参数!$B$13+IF(ISNUMBER(AU68),AU68*参数!$B$38,0)-AV68*参数!$B$41-AW68*参数!$B$14),0),0) -> 12.84605 | AZ68: =AY68-MAX(AP68,0)*参数!$B$10 -> 9.8460499 | BA68: =IF(MAX(AP68,0)=0,AY68,AY68/MAX(AP68,0)) -> 12.84605
A69: 68 | B69: ironclad_shrug_it_off | C69: 铁甲战士 | D69: 耸肩无视 | E69: Shrug It Off | F69: 技能 | G69: 普通 | H69: 1 | I69: 1 | J69: 获得8点格挡。 抽1张牌。 | L69: self | M69: 0 | N69: 0 | O69: 1 | P69: 8 | Q69: 11 | R69: 1 | S69: 1 | T69: 0 | U69: 0 | V69: 0 | W69: 0 | X69: 0 | Y69: 0 | Z69: 0 | AA69: 0 | AB69: 0 | AC69: 0 | AD69: 0 | AE69: 0 | AF69: 0 | AG69: 0 | AH69: 0 | AI69: 0 | AJ69: 0 | AK69: none | AP69: =IF(ISNUMBER(H69),IF(AND(H69=0,V69=0,AK69="none"),0.4,IF(AK69="exhaust",MAX(H69-V69,0.4),IF(AK69="ethereal",MAX(H69-V69,0.4),MAX(H69-V69,0.4)))),IF(AND(AK69="exhaust",OR(H69="X",H69="∞")),0.4,IF(OR(H69="X",H69="∞"),0.4,0.4))) -> 1 | AQ69: 0 | AR69: 0 | AT69: v0.110.1 sts2.info | AU69: 0 | AY69: =IFERROR(MAX(IF(IF(AND(F69="能力",AL69="能力持续"),(参数!$B$2-1)*参数!$B$3,0)+M69*O69*参数!$B$5*IF(AND(F69="能力",AL69="能力持续"),参数!$B$2,1)+P69*参数!$B$6*IF(AND(F69="能力",AL69="能力持续"),参数!$B$2,1)+R69*参数!$B$7*IF(AND(F69="能力",AL69="能力持续"),参数!$B$2,1)+V69*参数!$B$8+IF(X69<0,X69*参数!$B$13,X69*参数!$B$39)+IF(AE69<0,AE69*参数!$B$13,AE69*参数!$B$12)*参数!$B$2+AQ69*参数!$B$15+AB69*参数!$B$11+AF69*参数!$B$40*参数!$B$2+AG69*参数!$B$44*参数!$B$2+AH69*参数!$B$6*参数!$B$2+AI69*参数!$B$39*参数!$B$2+AJ69*参数!$B$6*参数!$B$2+Z69*参数!$B$13-T69*参数!$B$14-AD69*参数!$B$13+IF(ISNUMBER(AU69),AU69*参数!$B$38,0)-AV69*参数!$B$41-AW69*参数!$B$14>参数!$B$17,参数!$B$17+SQRT(IF(AND(F69="能力",AL69="能力持续"),(参数!$B$2-1)*参数!$B$3,0)+M69*O69*参数!$B$5*IF(AND(F69="能力",AL69="能力持续"),参数!$B$2,1)+P69*参数!$B$6*IF(AND(F69="能力",AL69="能力持续"),参数!$B$2,1)+R69*参数!$B$7*IF(AND(F69="能力",AL69="能力持续"),参数!$B$2,1)+V69*参数!$B$8+IF(X69<0,X69*参数!$B$13,X69*参数!$B$39)+IF(AE69<0,AE69*参数!$B$13,AE69*参数!$B$12)*参数!$B$2+AQ69*参数!$B$15+AB69*参数!$B$11+AF69*参数!$B$40*参数!$B$2+AG69*参数!$B$44*参数!$B$2+AH69*参数!$B$6*参数!$B$2+AI69*参数!$B$39*参数!$B$2+AJ69*参数!$B$6*参数!$B$2+Z69*参数!$B$13-T69*参数!$B$14-AD69*参数!$B$13+IF(ISNUMBER(AU69),AU69*参数!$B$38,0)-AV69*参数!$B$41-AW69*参数!$B$14-参数!$B$17)*参数!$B$18,IF(AND(F69="能力",AL69="能力持续"),(参数!$B$2-1)*参数!$B$3,0)+M69*O69*参数!$B$5*IF(AND(F69="能力",AL69="能力持续"),参数!$B$2,1)+P69*参数!$B$6*IF(AND(F69="能力",AL69="能力持续"),参数!$B$2,1)+R69*参数!$B$7*IF(AND(F69="能力",AL69="能力持续"),参数!$B$2,1)+V69*参数!$B$8+IF(X69<0,X69*参数!$B$13,X69*参数!$B$39)+IF(AE69<0,AE69*参数!$B$13,AE69*参数!$B$12)*参数!$B$2+AQ69*参数!$B$15+AB69*参数!$B$11+AF69*参数!$B$40*参数!$B$2+AG69*参数!$B$44*参数!$B$2+AH69*参数!$B$6*参数!$B$2+AI69*参数!$B$39*参数!$B$2+AJ69*参数!$B$6*参数!$B$2+Z69*参数!$B$13-T69*参数!$B$14-AD69*参数!$B$13+IF(ISNUMBER(AU69),AU69*参数!$B$38,0)-AV69*参数!$B$41-AW69*参数!$B$14),0),0) -> 9.5 | AZ69: =AY69-MAX(AP69,0)*参数!$B$10 -> 6.5 | BA69: =IF(MAX(AP69,0)=0,AY69,AY69/MAX(AP69,0)) -> 9.5
A70: 69 | B70: ironclad_spite | C70: 铁甲战士 | D70: 怨恨 | E70: Spite | F70: 攻击 | G70: 罕见 | H70: 0 | I70: 0 | J70: 造成5点伤害。 如果你在本回合失去过生命值， 则攻击2次。 | L70: enemy_single | M70: 6 | N70: 8 | O70: 3 | P70: 0 | Q70: 0 | R70: 1 | S70: 2 | T70: 0 | U70: 0 | V70: 0 | W70: 0 | X70: 0 | Y70: 0 | Z70: 0 | AA70: 0 | AB70: 0 | AC70: 0 | AD70: 0 | AE70: 0 | AF70: 0 | AG70: 0 | AH70: 0 | AI70: 0 | AJ70: 0 | AK70: none | AN70: 本回合 | AP70: =IF(ISNUMBER(H70),IF(AND(H70=0,V70=0,AK70="none"),0.4,IF(AK70="exhaust",MAX(H70-V70,0.4),IF(AK70="ethereal",MAX(H70-V70,0.4),MAX(H70-V70,0.4)))),IF(AND(AK70="exhaust",OR(H70="X",H70="∞")),0.4,IF(OR(H70="X",H70="∞"),0.4,0.4))) -> 0.4 | AQ70: 0 | AR70: 0 | AT70: v0.110.1 sts2.info | AU70: 0 | AY70: =IFERROR(MAX(IF(IF(AND(F70="能力",AL70="能力持续"),(参数!$B$2-1)*参数!$B$3,0)+M70*O70*参数!$B$5*IF(AND(F70="能力",AL70="能力持续"),参数!$B$2,1)+P70*参数!$B$6*IF(AND(F70="能力",AL70="能力持续"),参数!$B$2,1)+R70*参数!$B$7*IF(AND(F70="能力",AL70="能力持续"),参数!$B$2,1)+V70*参数!$B$8+IF(X70<0,X70*参数!$B$13,X70*参数!$B$39)+IF(AE70<0,AE70*参数!$B$13,AE70*参数!$B$12)*参数!$B$2+AQ70*参数!$B$15+AB70*参数!$B$11+AF70*参数!$B$40*参数!$B$2+AG70*参数!$B$44*参数!$B$2+AH70*参数!$B$6*参数!$B$2+AI70*参数!$B$39*参数!$B$2+AJ70*参数!$B$6*参数!$B$2+Z70*参数!$B$13-T70*参数!$B$14-AD70*参数!$B$13+IF(ISNUMBER(AU70),AU70*参数!$B$38,0)-AV70*参数!$B$41-AW70*参数!$B$14>参数!$B$17,参数!$B$17+SQRT(IF(AND(F70="能力",AL70="能力持续"),(参数!$B$2-1)*参数!$B$3,0)+M70*O70*参数!$B$5*IF(AND(F70="能力",AL70="能力持续"),参数!$B$2,1)+P70*参数!$B$6*IF(AND(F70="能力",AL70="能力持续"),参数!$B$2,1)+R70*参数!$B$7*IF(AND(F70="能力",AL70="能力持续"),参数!$B$2,1)+V70*参数!$B$8+IF(X70<0,X70*参数!$B$13,X70*参数!$B$39)+IF(AE70<0,AE70*参数!$B$13,AE70*参数!$B$12)*参数!$B$2+AQ70*参数!$B$15+AB70*参数!$B$11+AF70*参数!$B$40*参数!$B$2+AG70*参数!$B$44*参数!$B$2+AH70*参数!$B$6*参数!$B$2+AI70*参数!$B$39*参数!$B$2+AJ70*参数!$B$6*参数!$B$2+Z70*参数!$B$13-T70*参数!$B$14-AD70*参数!$B$13+IF(ISNUMBER(AU70),AU70*参数!$B$38,0)-AV70*参数!$B$41-AW70*参数!$B$14-参数!$B$17)*参数!$B$18,IF(AND(F70="能力",AL70="能力持续"),(参数!$B$2-1)*参数!$B$3,0)+M70*O70*参数!$B$5*IF(AND(F70="能力",AL70="能力持续"),参数!$B$2,1)+P70*参数!$B$6*IF(AND(F70="能力",AL70="能力持续"),参数!$B$2,1)+R70*参数!$B$7*IF(AND(F70="能力",AL70="能力持续"),参数!$B$2,1)+V70*参数!$B$8+IF(X70<0,X70*参数!$B$13,X70*参数!$B$39)+IF(AE70<0,AE70*参数!$B$13,AE70*参数!$B$12)*参数!$B$2+AQ70*参数!$B$15+AB70*参数!$B$11+AF70*参数!$B$40*参数!$B$2+AG70*参数!$B$44*参数!$B$2+AH70*参数!$B$6*参数!$B$2+AI70*参数!$B$39*参数!$B$2+AJ70*参数!$B$6*参数!$B$2+Z70*参数!$B$13-T70*参数!$B$14-AD70*参数!$B$13+IF(ISNUMBER(AU70),AU70*参数!$B$38,0)-AV70*参数!$B$41-AW70*参数!$B$14),0),0) -> 14.424364 | AZ70: =AY70-MAX(AP70,0)*参数!$B$10 -> 13.224364 | BA70: =IF(MAX(AP70,0)=0,AY70,AY70/MAX(AP70,0)) -> 36.060911
A71: 70 | B71: ironclad_stampede | C71: 铁甲战士 | D71: 惊逃 | E71: Stampede | F71: 能力 | G71: 罕见 | H71: 2 | I71: 1 | J71: 在你的回合结束时，随机打出你手牌中的张攻击牌攻击随机敌人。 | L71: enemy_random | M71: 0 | N71: 0 | O71: 1 | P71: 0 | Q71: 0 | R71: 0 | S71: 0 | T71: 0 | U71: 0 | V71: 0 | W71: 0 | X71: 0 | Y71: 0 | Z71: 0 | AA71: 0 | AB71: 0 | AC71: 0 | AD71: 0 | AE71: 0 | AF71: 0 | AG71: 0 | AH71: 0 | AI71: 0 | AJ71: 0 | AK71: none | AL71: 能力持续 | AN71: 能力 | AP71: =IF(ISNUMBER(H71),IF(AND(H71=0,V71=0,AK71="none"),0.4,IF(AK71="exhaust",MAX(H71-V71,0.4),IF(AK71="ethereal",MAX(H71-V71,0.4),MAX(H71-V71,0.4)))),IF(AND(AK71="exhaust",OR(H71="X",H71="∞")),0.4,IF(OR(H71="X",H71="∞"),0.4,0.4))) -> 2 | AQ71: =参数!$B$48 -> 8 | AR71: 0 | AT71: v0.110.1 sts2.info | AU71: 0 | AY71: =IFERROR(MAX(IF(IF(AND(F71="能力",AL71="能力持续"),(参数!$B$2-1)*参数!$B$3,0)+M71*O71*参数!$B$5*IF(AND(F71="能力",AL71="能力持续"),参数!$B$2,1)+P71*参数!$B$6*IF(AND(F71="能力",AL71="能力持续"),参数!$B$2,1)+R71*参数!$B$7*IF(AND(F71="能力",AL71="能力持续"),参数!$B$2,1)+V71*参数!$B$8+IF(X71<0,X71*参数!$B$13,X71*参数!$B$39)+IF(AE71<0,AE71*参数!$B$13,AE71*参数!$B$12)*参数!$B$2+AQ71*参数!$B$15+AB71*参数!$B$11+AF71*参数!$B$40*参数!$B$2+AG71*参数!$B$44*参数!$B$2+AH71*参数!$B$6*参数!$B$2+AI71*参数!$B$39*参数!$B$2+AJ71*参数!$B$6*参数!$B$2+Z71*参数!$B$13-T71*参数!$B$14-AD71*参数!$B$13+IF(ISNUMBER(AU71),AU71*参数!$B$38,0)-AV71*参数!$B$41-AW71*参数!$B$14>参数!$B$17,参数!$B$17+SQRT(IF(AND(F71="能力",AL71="能力持续"),(参数!$B$2-1)*参数!$B$3,0)+M71*O71*参数!$B$5*IF(AND(F71="能力",AL71="能力持续"),参数!$B$2,1)+P71*参数!$B$6*IF(AND(F71="能力",AL71="能力持续"),参数!$B$2,1)+R71*参数!$B$7*IF(AND(F71="能力",AL71="能力持续"),参数!$B$2,1)+V71*参数!$B$8+IF(X71<0,X71*参数!$B$13,X71*参数!$B$39)+IF(AE71<0,AE71*参数!$B$13,AE71*参数!$B$12)*参数!$B$2+AQ71*参数!$B$15+AB71*参数!$B$11+AF71*参数!$B$40*参数!$B$2+AG71*参数!$B$44*参数!$B$2+AH71*参数!$B$6*参数!$B$2+AI71*参数!$B$39*参数!$B$2+AJ71*参数!$B$6*参数!$B$2+Z71*参数!$B$13-T71*参数!$B$14-AD71*参数!$B$13+IF(ISNUMBER(AU71),AU71*参数!$B$38,0)-AV71*参数!$B$41-AW71*参数!$B$14-参数!$B$17)*参数!$B$18,IF(AND(F71="能力",AL71="能力持续"),(参数!$B$2-1)*参数!$B$3,0)+M71*O71*参数!$B$5*IF(AND(F71="能力",AL71="能力持续"),参数!$B$2,1)+P71*参数!$B$6*IF(AND(F71="能力",AL71="能力持续"),参数!$B$2,1)+R71*参数!$B$7*IF(AND(F71="能力",AL71="能力持续"),参数!$B$2,1)+V71*参数!$B$8+IF(X71<0,X71*参数!$B$13,X71*参数!$B$39)+IF(AE71<0,AE71*参数!$B$13,AE71*参数!$B$12)*参数!$B$2+AQ71*参数!$B$15+AB71*参数!$B$11+AF71*参数!$B$40*参数!$B$2+AG71*参数!$B$44*参数!$B$2+AH71*参数!$B$6*参数!$B$2+AI71*参数!$B$39*参数!$B$2+AJ71*参数!$B$6*参数!$B$2+Z71*参数!$B$13-T71*参数!$B$14-AD71*参数!$B$13+IF(ISNUMBER(AU71),AU71*参数!$B$38,0)-AV71*参数!$B$41-AW71*参数!$B$14),0),0) -> 16.292853 | AZ71: =AY71-MAX(AP71,0)*参数!$B$10 -> 10.292853 | BA71: =IF(MAX(AP71,0)=0,AY71,AY71/MAX(AP71,0)) -> 8.1464265
A72: 71 | B72: ironclad_stoke | C72: 铁甲战士 | D72: 添柴 | E72: Stoke | F72: 技能 | G72: 稀有 | H72: 1 | I72: 1 | J72: 消耗所有手牌。 每消耗一张牌，将1张随机牌加入你的手牌。 | K72: 含消耗其他牌效果 | L72: enemy_single | M72: 0 | N72: 0 | O72: 1 | P72: 0 | Q72: 0 | R72: =参数!$B$49 -> 5 | S72: 0 | T72: =参数!$B$49 -> 5 | U72: 0 | V72: 0 | W72: 0 | X72: 0 | Y72: 0 | Z72: 0 | AA72: 0 | AB72: 0 | AC72: 0 | AD72: 0 | AE72: 0 | AF72: 0 | AG72: 0 | AH72: 0 | AI72: 0 | AJ72: 0 | AK72: none | AO72: 含消耗其他牌效果 | AP72: =IF(ISNUMBER(H72),IF(AND(H72=0,V72=0,AK72="none"),0.4,IF(AK72="exhaust",MAX(H72-V72,0.4),IF(AK72="ethereal",MAX(H72-V72,0.4),MAX(H72-V72,0.4)))),IF(AND(AK72="exhaust",OR(H72="X",H72="∞")),0.4,IF(OR(H72="X",H72="∞"),0.4,0.4))) -> 1 | AQ72: 0 | AR72: 0 | AT72: v0.110.1 sts2.info | AU72: 0 | AY72: =IFERROR(MAX(IF(IF(AND(F72="能力",AL72="能力持续"),(参数!$B$2-1)*参数!$B$3,0)+M72*O72*参数!$B$5*IF(AND(F72="能力",AL72="能力持续"),参数!$B$2,1)+P72*参数!$B$6*IF(AND(F72="能力",AL72="能力持续"),参数!$B$2,1)+R72*参数!$B$7*IF(AND(F72="能力",AL72="能力持续"),参数!$B$2,1)+V72*参数!$B$8+IF(X72<0,X72*参数!$B$13,X72*参数!$B$39)+IF(AE72<0,AE72*参数!$B$13,AE72*参数!$B$12)*参数!$B$2+AQ72*参数!$B$15+AB72*参数!$B$11+AF72*参数!$B$40*参数!$B$2+AG72*参数!$B$44*参数!$B$2+AH72*参数!$B$6*参数!$B$2+AI72*参数!$B$39*参数!$B$2+AJ72*参数!$B$6*参数!$B$2+Z72*参数!$B$13-T72*参数!$B$14-AD72*参数!$B$13+IF(ISNUMBER(AU72),AU72*参数!$B$38,0)-AV72*参数!$B$41-AW72*参数!$B$14>参数!$B$17,参数!$B$17+SQRT(IF(AND(F72="能力",AL72="能力持续"),(参数!$B$2-1)*参数!$B$3,0)+M72*O72*参数!$B$5*IF(AND(F72="能力",AL72="能力持续"),参数!$B$2,1)+P72*参数!$B$6*IF(AND(F72="能力",AL72="能力持续"),参数!$B$2,1)+R72*参数!$B$7*IF(AND(F72="能力",AL72="能力持续"),参数!$B$2,1)+V72*参数!$B$8+IF(X72<0,X72*参数!$B$13,X72*参数!$B$39)+IF(AE72<0,AE72*参数!$B$13,AE72*参数!$B$12)*参数!$B$2+AQ72*参数!$B$15+AB72*参数!$B$11+AF72*参数!$B$40*参数!$B$2+AG72*参数!$B$44*参数!$B$2+AH72*参数!$B$6*参数!$B$2+AI72*参数!$B$39*参数!$B$2+AJ72*参数!$B$6*参数!$B$2+Z72*参数!$B$13-T72*参数!$B$14-AD72*参数!$B$13+IF(ISNUMBER(AU72),AU72*参数!$B$38,0)-AV72*参数!$B$41-AW72*参数!$B$14-参数!$B$17)*参数!$B$18,IF(AND(F72="能力",AL72="能力持续"),(参数!$B$2-1)*参数!$B$3,0)+M72*O72*参数!$B$5*IF(AND(F72="能力",AL72="能力持续"),参数!$B$2,1)+P72*参数!$B$6*IF(AND(F72="能力",AL72="能力持续"),参数!$B$2,1)+R72*参数!$B$7*IF(AND(F72="能力",AL72="能力持续"),参数!$B$2,1)+V72*参数!$B$8+IF(X72<0,X72*参数!$B$13,X72*参数!$B$39)+IF(AE72<0,AE72*参数!$B$13,AE72*参数!$B$12)*参数!$B$2+AQ72*参数!$B$15+AB72*参数!$B$11+AF72*参数!$B$40*参数!$B$2+AG72*参数!$B$44*参数!$B$2+AH72*参数!$B$6*参数!$B$2+AI72*参数!$B$39*参数!$B$2+AJ72*参数!$B$6*参数!$B$2+Z72*参数!$B$13-T72*参数!$B$14-AD72*参数!$B$13+IF(ISNUMBER(AU72),AU72*参数!$B$38,0)-AV72*参数!$B$41-AW72*参数!$B$14),0),0) -> 2 | AZ72: =AY72-MAX(AP72,0)*参数!$B$10 -> -1 | BA72: =IF(MAX(AP72,0)=0,AY72,AY72/MAX(AP72,0)) -> 2
A73: 72 | B73: ironclad_stomp | C73: 铁甲战士 | D73: 踩踏 | E73: Stomp | F73: 攻击 | G73: 罕见 | H73: 3 | I73: 3 | J73: 对所有敌人造成12点伤害。 你在本回合中每打出过一张攻击牌，其耗能减少1 | L73: enemy_all | M73: 12 | N73: 15 | O73: 1 | P73: 0 | Q73: 0 | R73: 0 | S73: 0 | T73: 0 | U73: 0 | V73: 0 | W73: 0 | X73: 0 | Y73: 0 | Z73: 0 | AA73: 0 | AB73: 0 | AC73: 0 | AD73: 0 | AE73: 0 | AF73: 0 | AG73: 0 | AH73: 0 | AI73: 0 | AJ73: 0 | AK73: none | AN73: 群体攻击，本回合 | AP73: =IF(ISNUMBER(H73),IF(AND(H73=0,V73=0,AK73="none"),0.4,IF(AK73="exhaust",MAX(H73-V73,0.4),IF(AK73="ethereal",MAX(H73-V73,0.4),MAX(H73-V73,0.4)))),IF(AND(AK73="exhaust",OR(H73="X",H73="∞")),0.4,IF(OR(H73="X",H73="∞"),0.4,0.4))) -> 3 | AQ73: 0 | AR73: 0 | AT73: v0.110.1 sts2.info | AU73: 0 | AY73: =IFERROR(MAX(IF(IF(AND(F73="能力",AL73="能力持续"),(参数!$B$2-1)*参数!$B$3,0)+M73*O73*参数!$B$5*IF(AND(F73="能力",AL73="能力持续"),参数!$B$2,1)+P73*参数!$B$6*IF(AND(F73="能力",AL73="能力持续"),参数!$B$2,1)+R73*参数!$B$7*IF(AND(F73="能力",AL73="能力持续"),参数!$B$2,1)+V73*参数!$B$8+IF(X73<0,X73*参数!$B$13,X73*参数!$B$39)+IF(AE73<0,AE73*参数!$B$13,AE73*参数!$B$12)*参数!$B$2+AQ73*参数!$B$15+AB73*参数!$B$11+AF73*参数!$B$40*参数!$B$2+AG73*参数!$B$44*参数!$B$2+AH73*参数!$B$6*参数!$B$2+AI73*参数!$B$39*参数!$B$2+AJ73*参数!$B$6*参数!$B$2+Z73*参数!$B$13-T73*参数!$B$14-AD73*参数!$B$13+IF(ISNUMBER(AU73),AU73*参数!$B$38,0)-AV73*参数!$B$41-AW73*参数!$B$14>参数!$B$17,参数!$B$17+SQRT(IF(AND(F73="能力",AL73="能力持续"),(参数!$B$2-1)*参数!$B$3,0)+M73*O73*参数!$B$5*IF(AND(F73="能力",AL73="能力持续"),参数!$B$2,1)+P73*参数!$B$6*IF(AND(F73="能力",AL73="能力持续"),参数!$B$2,1)+R73*参数!$B$7*IF(AND(F73="能力",AL73="能力持续"),参数!$B$2,1)+V73*参数!$B$8+IF(X73<0,X73*参数!$B$13,X73*参数!$B$39)+IF(AE73<0,AE73*参数!$B$13,AE73*参数!$B$12)*参数!$B$2+AQ73*参数!$B$15+AB73*参数!$B$11+AF73*参数!$B$40*参数!$B$2+AG73*参数!$B$44*参数!$B$2+AH73*参数!$B$6*参数!$B$2+AI73*参数!$B$39*参数!$B$2+AJ73*参数!$B$6*参数!$B$2+Z73*参数!$B$13-T73*参数!$B$14-AD73*参数!$B$13+IF(ISNUMBER(AU73),AU73*参数!$B$38,0)-AV73*参数!$B$41-AW73*参数!$B$14-参数!$B$17)*参数!$B$18,IF(AND(F73="能力",AL73="能力持续"),(参数!$B$2-1)*参数!$B$3,0)+M73*O73*参数!$B$5*IF(AND(F73="能力",AL73="能力持续"),参数!$B$2,1)+P73*参数!$B$6*IF(AND(F73="能力",AL73="能力持续"),参数!$B$2,1)+R73*参数!$B$7*IF(AND(F73="能力",AL73="能力持续"),参数!$B$2,1)+V73*参数!$B$8+IF(X73<0,X73*参数!$B$13,X73*参数!$B$39)+IF(AE73<0,AE73*参数!$B$13,AE73*参数!$B$12)*参数!$B$2+AQ73*参数!$B$15+AB73*参数!$B$11+AF73*参数!$B$40*参数!$B$2+AG73*参数!$B$44*参数!$B$2+AH73*参数!$B$6*参数!$B$2+AI73*参数!$B$39*参数!$B$2+AJ73*参数!$B$6*参数!$B$2+Z73*参数!$B$13-T73*参数!$B$14-AD73*参数!$B$13+IF(ISNUMBER(AU73),AU73*参数!$B$38,0)-AV73*参数!$B$41-AW73*参数!$B$14),0),0) -> 12.12132 | AZ73: =AY73-MAX(AP73,0)*参数!$B$10 -> 3.1213203 | BA73: =IF(MAX(AP73,0)=0,AY73,AY73/MAX(AP73,0)) -> 4.0404401
A74: 73 | B74: ironclad_stone_armor | C74: 铁甲战士 | D74: 岩石铠甲 | E74: Stone Armor | F74: 能力 | G74: 罕见 | H74: 1 | I74: 1 | J74: 获得4层覆甲。 | L74: self | M74: 0 | N74: 0 | O74: 1 | P74: 0 | Q74: 0 | R74: 0 | S74: 0 | T74: 0 | U74: 0 | V74: 0 | W74: 0 | X74: 0 | Y74: 0 | Z74: 0 | AA74: 0 | AB74: 0 | AC74: 0 | AD74: 0 | AE74: 0 | AF74: 0 | AG74: 0 | AH74: 0 | AI74: 0 | AJ74: 4 | AK74: none | AN74: 能力 | AP74: =IF(ISNUMBER(H74),IF(AND(H74=0,V74=0,AK74="none"),0.4,IF(AK74="exhaust",MAX(H74-V74,0.4),IF(AK74="ethereal",MAX(H74-V74,0.4),MAX(H74-V74,0.4)))),IF(AND(AK74="exhaust",OR(H74="X",H74="∞")),0.4,IF(OR(H74="X",H74="∞"),0.4,0.4))) -> 1 | AQ74: 0 | AR74: 0 | AT74: v0.110.1 sts2.info | AU74: 0 | AY74: =IFERROR(MAX(IF(IF(AND(F74="能力",AL74="能力持续"),(参数!$B$2-1)*参数!$B$3,0)+M74*O74*参数!$B$5*IF(AND(F74="能力",AL74="能力持续"),参数!$B$2,1)+P74*参数!$B$6*IF(AND(F74="能力",AL74="能力持续"),参数!$B$2,1)+R74*参数!$B$7*IF(AND(F74="能力",AL74="能力持续"),参数!$B$2,1)+V74*参数!$B$8+IF(X74<0,X74*参数!$B$13,X74*参数!$B$39)+IF(AE74<0,AE74*参数!$B$13,AE74*参数!$B$12)*参数!$B$2+AQ74*参数!$B$15+AB74*参数!$B$11+AF74*参数!$B$40*参数!$B$2+AG74*参数!$B$44*参数!$B$2+AH74*参数!$B$6*参数!$B$2+AI74*参数!$B$39*参数!$B$2+AJ74*参数!$B$6*参数!$B$2+Z74*参数!$B$13-T74*参数!$B$14-AD74*参数!$B$13+IF(ISNUMBER(AU74),AU74*参数!$B$38,0)-AV74*参数!$B$41-AW74*参数!$B$14>参数!$B$17,参数!$B$17+SQRT(IF(AND(F74="能力",AL74="能力持续"),(参数!$B$2-1)*参数!$B$3,0)+M74*O74*参数!$B$5*IF(AND(F74="能力",AL74="能力持续"),参数!$B$2,1)+P74*参数!$B$6*IF(AND(F74="能力",AL74="能力持续"),参数!$B$2,1)+R74*参数!$B$7*IF(AND(F74="能力",AL74="能力持续"),参数!$B$2,1)+V74*参数!$B$8+IF(X74<0,X74*参数!$B$13,X74*参数!$B$39)+IF(AE74<0,AE74*参数!$B$13,AE74*参数!$B$12)*参数!$B$2+AQ74*参数!$B$15+AB74*参数!$B$11+AF74*参数!$B$40*参数!$B$2+AG74*参数!$B$44*参数!$B$2+AH74*参数!$B$6*参数!$B$2+AI74*参数!$B$39*参数!$B$2+AJ74*参数!$B$6*参数!$B$2+Z74*参数!$B$13-T74*参数!$B$14-AD74*参数!$B$13+IF(ISNUMBER(AU74),AU74*参数!$B$38,0)-AV74*参数!$B$41-AW74*参数!$B$14-参数!$B$17)*参数!$B$18,IF(AND(F74="能力",AL74="能力持续"),(参数!$B$2-1)*参数!$B$3,0)+M74*O74*参数!$B$5*IF(AND(F74="能力",AL74="能力持续"),参数!$B$2,1)+P74*参数!$B$6*IF(AND(F74="能力",AL74="能力持续"),参数!$B$2,1)+R74*参数!$B$7*IF(AND(F74="能力",AL74="能力持续"),参数!$B$2,1)+V74*参数!$B$8+IF(X74<0,X74*参数!$B$13,X74*参数!$B$39)+IF(AE74<0,AE74*参数!$B$13,AE74*参数!$B$12)*参数!$B$2+AQ74*参数!$B$15+AB74*参数!$B$11+AF74*参数!$B$40*参数!$B$2+AG74*参数!$B$44*参数!$B$2+AH74*参数!$B$6*参数!$B$2+AI74*参数!$B$39*参数!$B$2+AJ74*参数!$B$6*参数!$B$2+Z74*参数!$B$13-T74*参数!$B$14-AD74*参数!$B$13+IF(ISNUMBER(AU74),AU74*参数!$B$38,0)-AV74*参数!$B$41-AW74*参数!$B$14),0),0) -> 14.135215 | AZ74: =AY74-MAX(AP74,0)*参数!$B$10 -> 11.135215 | BA74: =IF(MAX(AP74,0)=0,AY74,AY74/MAX(AP74,0)) -> 14.135215
A75: 74 | B75: ironclad_sword_boomerang | C75: 铁甲战士 | D75: 飞剑回旋镖 | E75: Sword Boomerang | F75: 攻击 | G75: 普通 | H75: 1 | I75: 1 | J75: 随机对敌人造成3点伤害3次。 | L75: enemy_random | M75: 3 | N75: 3 | O75: 3 | P75: 0 | Q75: 0 | R75: 0 | S75: 0 | T75: 0 | U75: 0 | V75: 0 | W75: 0 | X75: 0 | Y75: 0 | Z75: 0 | AA75: 0 | AB75: 0 | AC75: 0 | AD75: 0 | AE75: 0 | AF75: 0 | AG75: 0 | AH75: 0 | AI75: 0 | AJ75: 0 | AK75: none | AP75: =IF(ISNUMBER(H75),IF(AND(H75=0,V75=0,AK75="none"),0.4,IF(AK75="exhaust",MAX(H75-V75,0.4),IF(AK75="ethereal",MAX(H75-V75,0.4),MAX(H75-V75,0.4)))),IF(AND(AK75="exhaust",OR(H75="X",H75="∞")),0.4,IF(OR(H75="X",H75="∞"),0.4,0.4))) -> 1 | AQ75: 0 | AR75: 0 | AT75: v0.110.1 sts2.info | AU75: 0 | AY75: =IFERROR(MAX(IF(IF(AND(F75="能力",AL75="能力持续"),(参数!$B$2-1)*参数!$B$3,0)+M75*O75*参数!$B$5*IF(AND(F75="能力",AL75="能力持续"),参数!$B$2,1)+P75*参数!$B$6*IF(AND(F75="能力",AL75="能力持续"),参数!$B$2,1)+R75*参数!$B$7*IF(AND(F75="能力",AL75="能力持续"),参数!$B$2,1)+V75*参数!$B$8+IF(X75<0,X75*参数!$B$13,X75*参数!$B$39)+IF(AE75<0,AE75*参数!$B$13,AE75*参数!$B$12)*参数!$B$2+AQ75*参数!$B$15+AB75*参数!$B$11+AF75*参数!$B$40*参数!$B$2+AG75*参数!$B$44*参数!$B$2+AH75*参数!$B$6*参数!$B$2+AI75*参数!$B$39*参数!$B$2+AJ75*参数!$B$6*参数!$B$2+Z75*参数!$B$13-T75*参数!$B$14-AD75*参数!$B$13+IF(ISNUMBER(AU75),AU75*参数!$B$38,0)-AV75*参数!$B$41-AW75*参数!$B$14>参数!$B$17,参数!$B$17+SQRT(IF(AND(F75="能力",AL75="能力持续"),(参数!$B$2-1)*参数!$B$3,0)+M75*O75*参数!$B$5*IF(AND(F75="能力",AL75="能力持续"),参数!$B$2,1)+P75*参数!$B$6*IF(AND(F75="能力",AL75="能力持续"),参数!$B$2,1)+R75*参数!$B$7*IF(AND(F75="能力",AL75="能力持续"),参数!$B$2,1)+V75*参数!$B$8+IF(X75<0,X75*参数!$B$13,X75*参数!$B$39)+IF(AE75<0,AE75*参数!$B$13,AE75*参数!$B$12)*参数!$B$2+AQ75*参数!$B$15+AB75*参数!$B$11+AF75*参数!$B$40*参数!$B$2+AG75*参数!$B$44*参数!$B$2+AH75*参数!$B$6*参数!$B$2+AI75*参数!$B$39*参数!$B$2+AJ75*参数!$B$6*参数!$B$2+Z75*参数!$B$13-T75*参数!$B$14-AD75*参数!$B$13+IF(ISNUMBER(AU75),AU75*参数!$B$38,0)-AV75*参数!$B$41-AW75*参数!$B$14-参数!$B$17)*参数!$B$18,IF(AND(F75="能力",AL75="能力持续"),(参数!$B$2-1)*参数!$B$3,0)+M75*O75*参数!$B$5*IF(AND(F75="能力",AL75="能力持续"),参数!$B$2,1)+P75*参数!$B$6*IF(AND(F75="能力",AL75="能力持续"),参数!$B$2,1)+R75*参数!$B$7*IF(AND(F75="能力",AL75="能力持续"),参数!$B$2,1)+V75*参数!$B$8+IF(X75<0,X75*参数!$B$13,X75*参数!$B$39)+IF(AE75<0,AE75*参数!$B$13,AE75*参数!$B$12)*参数!$B$2+AQ75*参数!$B$15+AB75*参数!$B$11+AF75*参数!$B$40*参数!$B$2+AG75*参数!$B$44*参数!$B$2+AH75*参数!$B$6*参数!$B$2+AI75*参数!$B$39*参数!$B$2+AJ75*参数!$B$6*参数!$B$2+Z75*参数!$B$13-T75*参数!$B$14-AD75*参数!$B$13+IF(ISNUMBER(AU75),AU75*参数!$B$38,0)-AV75*参数!$B$41-AW75*参数!$B$14),0),0) -> 9 | AZ75: =AY75-MAX(AP75,0)*参数!$B$10 -> 6 | BA75: =IF(MAX(AP75,0)=0,AY75,AY75/MAX(AP75,0)) -> 9
A76: 75 | B76: ironclad_tank | C76: 铁甲战士 | D76: 肉盾 | E76: Tank | F76: 能力 | G76: 稀有 | H76: 1 | I76: 0 | J76: 承受双倍来自敌人的伤害。 敌人的伤害对盟友减半。 | L76: self | M76: 0 | N76: 0 | O76: 1 | P76: 0 | Q76: 0 | R76: 0 | S76: 0 | T76: 0 | U76: 0 | V76: 0 | W76: 0 | X76: 0 | Y76: 0 | Z76: 0 | AA76: 0 | AB76: 0 | AC76: 0 | AD76: 0 | AE76: 0 | AF76: 0 | AG76: 0 | AH76: 0 | AI76: 0 | AJ76: 0 | AK76: none | AL76: 能力持续 | AN76: 能力 | AP76: =IF(ISNUMBER(H76),IF(AND(H76=0,V76=0,AK76="none"),0.4,IF(AK76="exhaust",MAX(H76-V76,0.4),IF(AK76="ethereal",MAX(H76-V76,0.4),MAX(H76-V76,0.4)))),IF(AND(AK76="exhaust",OR(H76="X",H76="∞")),0.4,IF(OR(H76="X",H76="∞"),0.4,0.4))) -> 1 | AQ76: 8 | AR76: 0 | AT76: v0.110.1 sts2.info | AU76: 0 | AY76: =IFERROR(MAX(IF(IF(AND(F76="能力",AL76="能力持续"),(参数!$B$2-1)*参数!$B$3,0)+M76*O76*参数!$B$5*IF(AND(F76="能力",AL76="能力持续"),参数!$B$2,1)+P76*参数!$B$6*IF(AND(F76="能力",AL76="能力持续"),参数!$B$2,1)+R76*参数!$B$7*IF(AND(F76="能力",AL76="能力持续"),参数!$B$2,1)+V76*参数!$B$8+IF(X76<0,X76*参数!$B$13,X76*参数!$B$39)+IF(AE76<0,AE76*参数!$B$13,AE76*参数!$B$12)*参数!$B$2+AQ76*参数!$B$15+AB76*参数!$B$11+AF76*参数!$B$40*参数!$B$2+AG76*参数!$B$44*参数!$B$2+AH76*参数!$B$6*参数!$B$2+AI76*参数!$B$39*参数!$B$2+AJ76*参数!$B$6*参数!$B$2+Z76*参数!$B$13-T76*参数!$B$14-AD76*参数!$B$13+IF(ISNUMBER(AU76),AU76*参数!$B$38,0)-AV76*参数!$B$41-AW76*参数!$B$14>参数!$B$17,参数!$B$17+SQRT(IF(AND(F76="能力",AL76="能力持续"),(参数!$B$2-1)*参数!$B$3,0)+M76*O76*参数!$B$5*IF(AND(F76="能力",AL76="能力持续"),参数!$B$2,1)+P76*参数!$B$6*IF(AND(F76="能力",AL76="能力持续"),参数!$B$2,1)+R76*参数!$B$7*IF(AND(F76="能力",AL76="能力持续"),参数!$B$2,1)+V76*参数!$B$8+IF(X76<0,X76*参数!$B$13,X76*参数!$B$39)+IF(AE76<0,AE76*参数!$B$13,AE76*参数!$B$12)*参数!$B$2+AQ76*参数!$B$15+AB76*参数!$B$11+AF76*参数!$B$40*参数!$B$2+AG76*参数!$B$44*参数!$B$2+AH76*参数!$B$6*参数!$B$2+AI76*参数!$B$39*参数!$B$2+AJ76*参数!$B$6*参数!$B$2+Z76*参数!$B$13-T76*参数!$B$14-AD76*参数!$B$13+IF(ISNUMBER(AU76),AU76*参数!$B$38,0)-AV76*参数!$B$41-AW76*参数!$B$14-参数!$B$17)*参数!$B$18,IF(AND(F76="能力",AL76="能力持续"),(参数!$B$2-1)*参数!$B$3,0)+M76*O76*参数!$B$5*IF(AND(F76="能力",AL76="能力持续"),参数!$B$2,1)+P76*参数!$B$6*IF(AND(F76="能力",AL76="能力持续"),参数!$B$2,1)+R76*参数!$B$7*IF(AND(F76="能力",AL76="能力持续"),参数!$B$2,1)+V76*参数!$B$8+IF(X76<0,X76*参数!$B$13,X76*参数!$B$39)+IF(AE76<0,AE76*参数!$B$13,AE76*参数!$B$12)*参数!$B$2+AQ76*参数!$B$15+AB76*参数!$B$11+AF76*参数!$B$40*参数!$B$2+AG76*参数!$B$44*参数!$B$2+AH76*参数!$B$6*参数!$B$2+AI76*参数!$B$39*参数!$B$2+AJ76*参数!$B$6*参数!$B$2+Z76*参数!$B$13-T76*参数!$B$14-AD76*参数!$B$13+IF(ISNUMBER(AU76),AU76*参数!$B$38,0)-AV76*参数!$B$41-AW76*参数!$B$14),0),0) -> 16.292853 | AZ76: =AY76-MAX(AP76,0)*参数!$B$10 -> 13.292853 | BA76: =IF(MAX(AP76,0)=0,AY76,AY76/MAX(AP76,0)) -> 16.292853
A77: 76 | B77: ironclad_taunt | C77: 铁甲战士 | D77: 挑衅 | E77: Taunt | F77: 技能 | G77: 罕见 | H77: 1 | I77: 1 | J77: 获得7点格挡。 给予1层易伤。 | L77: self | M77: 0 | N77: 0 | O77: 1 | P77: 7 | Q77: 8 | R77: 0 | S77: 0 | T77: 0 | U77: 0 | V77: 0 | W77: 0 | X77: 0 | Y77: 0 | Z77: 0 | AA77: 0 | AB77: 1 | AC77: 2 | AD77: 0 | AE77: 0 | AF77: 0 | AG77: 0 | AH77: 0 | AI77: 0 | AJ77: 0 | AK77: none | AP77: =IF(ISNUMBER(H77),IF(AND(H77=0,V77=0,AK77="none"),0.4,IF(AK77="exhaust",MAX(H77-V77,0.4),IF(AK77="ethereal",MAX(H77-V77,0.4),MAX(H77-V77,0.4)))),IF(AND(AK77="exhaust",OR(H77="X",H77="∞")),0.4,IF(OR(H77="X",H77="∞"),0.4,0.4))) -> 1 | AQ77: 0 | AR77: 0 | AT77: v0.110.1 sts2.info | AU77: 0 | AY77: =IFERROR(MAX(IF(IF(AND(F77="能力",AL77="能力持续"),(参数!$B$2-1)*参数!$B$3,0)+M77*O77*参数!$B$5*IF(AND(F77="能力",AL77="能力持续"),参数!$B$2,1)+P77*参数!$B$6*IF(AND(F77="能力",AL77="能力持续"),参数!$B$2,1)+R77*参数!$B$7*IF(AND(F77="能力",AL77="能力持续"),参数!$B$2,1)+V77*参数!$B$8+IF(X77<0,X77*参数!$B$13,X77*参数!$B$39)+IF(AE77<0,AE77*参数!$B$13,AE77*参数!$B$12)*参数!$B$2+AQ77*参数!$B$15+AB77*参数!$B$11+AF77*参数!$B$40*参数!$B$2+AG77*参数!$B$44*参数!$B$2+AH77*参数!$B$6*参数!$B$2+AI77*参数!$B$39*参数!$B$2+AJ77*参数!$B$6*参数!$B$2+Z77*参数!$B$13-T77*参数!$B$14-AD77*参数!$B$13+IF(ISNUMBER(AU77),AU77*参数!$B$38,0)-AV77*参数!$B$41-AW77*参数!$B$14>参数!$B$17,参数!$B$17+SQRT(IF(AND(F77="能力",AL77="能力持续"),(参数!$B$2-1)*参数!$B$3,0)+M77*O77*参数!$B$5*IF(AND(F77="能力",AL77="能力持续"),参数!$B$2,1)+P77*参数!$B$6*IF(AND(F77="能力",AL77="能力持续"),参数!$B$2,1)+R77*参数!$B$7*IF(AND(F77="能力",AL77="能力持续"),参数!$B$2,1)+V77*参数!$B$8+IF(X77<0,X77*参数!$B$13,X77*参数!$B$39)+IF(AE77<0,AE77*参数!$B$13,AE77*参数!$B$12)*参数!$B$2+AQ77*参数!$B$15+AB77*参数!$B$11+AF77*参数!$B$40*参数!$B$2+AG77*参数!$B$44*参数!$B$2+AH77*参数!$B$6*参数!$B$2+AI77*参数!$B$39*参数!$B$2+AJ77*参数!$B$6*参数!$B$2+Z77*参数!$B$13-T77*参数!$B$14-AD77*参数!$B$13+IF(ISNUMBER(AU77),AU77*参数!$B$38,0)-AV77*参数!$B$41-AW77*参数!$B$14-参数!$B$17)*参数!$B$18,IF(AND(F77="能力",AL77="能力持续"),(参数!$B$2-1)*参数!$B$3,0)+M77*O77*参数!$B$5*IF(AND(F77="能力",AL77="能力持续"),参数!$B$2,1)+P77*参数!$B$6*IF(AND(F77="能力",AL77="能力持续"),参数!$B$2,1)+R77*参数!$B$7*IF(AND(F77="能力",AL77="能力持续"),参数!$B$2,1)+V77*参数!$B$8+IF(X77<0,X77*参数!$B$13,X77*参数!$B$39)+IF(AE77<0,AE77*参数!$B$13,AE77*参数!$B$12)*参数!$B$2+AQ77*参数!$B$15+AB77*参数!$B$11+AF77*参数!$B$40*参数!$B$2+AG77*参数!$B$44*参数!$B$2+AH77*参数!$B$6*参数!$B$2+AI77*参数!$B$39*参数!$B$2+AJ77*参数!$B$6*参数!$B$2+Z77*参数!$B$13-T77*参数!$B$14-AD77*参数!$B$13+IF(ISNUMBER(AU77),AU77*参数!$B$38,0)-AV77*参数!$B$41-AW77*参数!$B$14),0),0) -> 9 | AZ77: =AY77-MAX(AP77,0)*参数!$B$10 -> 6 | BA77: =IF(MAX(AP77,0)=0,AY77,AY77/MAX(AP77,0)) -> 9
A78: 77 | B78: ironclad_tear_asunder | C78: 铁甲战士 | D78: 扯碎 | E78: Tear Asunder | F78: 攻击 | G78: 稀有 | H78: 2 | I78: 2 | J78: 造成5点伤害。 在本场战斗中，你每失去过一次生命值，这张牌就额外造成一次伤害。 | L78: enemy_single | M78: 5 | N78: 7 | O78: 3 | P78: 0 | Q78: 0 | R78: 0 | S78: 0 | T78: 0 | U78: 0 | V78: 0 | W78: 0 | X78: 0 | Y78: 0 | Z78: 0 | AA78: 0 | AB78: 0 | AC78: 0 | AD78: 0 | AE78: 0 | AF78: 0 | AG78: 0 | AH78: 0 | AI78: 0 | AJ78: 0 | AK78: none | AP78: =IF(ISNUMBER(H78),IF(AND(H78=0,V78=0,AK78="none"),0.4,IF(AK78="exhaust",MAX(H78-V78,0.4),IF(AK78="ethereal",MAX(H78-V78,0.4),MAX(H78-V78,0.4)))),IF(AND(AK78="exhaust",OR(H78="X",H78="∞")),0.4,IF(OR(H78="X",H78="∞"),0.4,0.4))) -> 2 | AQ78: 0 | AR78: 0 | AT78: v0.110.1 sts2.info | AU78: 0 | AY78: =IFERROR(MAX(IF(IF(AND(F78="能力",AL78="能力持续"),(参数!$B$2-1)*参数!$B$3,0)+M78*O78*参数!$B$5*IF(AND(F78="能力",AL78="能力持续"),参数!$B$2,1)+P78*参数!$B$6*IF(AND(F78="能力",AL78="能力持续"),参数!$B$2,1)+R78*参数!$B$7*IF(AND(F78="能力",AL78="能力持续"),参数!$B$2,1)+V78*参数!$B$8+IF(X78<0,X78*参数!$B$13,X78*参数!$B$39)+IF(AE78<0,AE78*参数!$B$13,AE78*参数!$B$12)*参数!$B$2+AQ78*参数!$B$15+AB78*参数!$B$11+AF78*参数!$B$40*参数!$B$2+AG78*参数!$B$44*参数!$B$2+AH78*参数!$B$6*参数!$B$2+AI78*参数!$B$39*参数!$B$2+AJ78*参数!$B$6*参数!$B$2+Z78*参数!$B$13-T78*参数!$B$14-AD78*参数!$B$13+IF(ISNUMBER(AU78),AU78*参数!$B$38,0)-AV78*参数!$B$41-AW78*参数!$B$14>参数!$B$17,参数!$B$17+SQRT(IF(AND(F78="能力",AL78="能力持续"),(参数!$B$2-1)*参数!$B$3,0)+M78*O78*参数!$B$5*IF(AND(F78="能力",AL78="能力持续"),参数!$B$2,1)+P78*参数!$B$6*IF(AND(F78="能力",AL78="能力持续"),参数!$B$2,1)+R78*参数!$B$7*IF(AND(F78="能力",AL78="能力持续"),参数!$B$2,1)+V78*参数!$B$8+IF(X78<0,X78*参数!$B$13,X78*参数!$B$39)+IF(AE78<0,AE78*参数!$B$13,AE78*参数!$B$12)*参数!$B$2+AQ78*参数!$B$15+AB78*参数!$B$11+AF78*参数!$B$40*参数!$B$2+AG78*参数!$B$44*参数!$B$2+AH78*参数!$B$6*参数!$B$2+AI78*参数!$B$39*参数!$B$2+AJ78*参数!$B$6*参数!$B$2+Z78*参数!$B$13-T78*参数!$B$14-AD78*参数!$B$13+IF(ISNUMBER(AU78),AU78*参数!$B$38,0)-AV78*参数!$B$41-AW78*参数!$B$14-参数!$B$17)*参数!$B$18,IF(AND(F78="能力",AL78="能力持续"),(参数!$B$2-1)*参数!$B$3,0)+M78*O78*参数!$B$5*IF(AND(F78="能力",AL78="能力持续"),参数!$B$2,1)+P78*参数!$B$6*IF(AND(F78="能力",AL78="能力持续"),参数!$B$2,1)+R78*参数!$B$7*IF(AND(F78="能力",AL78="能力持续"),参数!$B$2,1)+V78*参数!$B$8+IF(X78<0,X78*参数!$B$13,X78*参数!$B$39)+IF(AE78<0,AE78*参数!$B$13,AE78*参数!$B$12)*参数!$B$2+AQ78*参数!$B$15+AB78*参数!$B$11+AF78*参数!$B$40*参数!$B$2+AG78*参数!$B$44*参数!$B$2+AH78*参数!$B$6*参数!$B$2+AI78*参数!$B$39*参数!$B$2+AJ78*参数!$B$6*参数!$B$2+Z78*参数!$B$13-T78*参数!$B$14-AD78*参数!$B$13+IF(ISNUMBER(AU78),AU78*参数!$B$38,0)-AV78*参数!$B$41-AW78*参数!$B$14),0),0) -> 13.354102 | AZ78: =AY78-MAX(AP78,0)*参数!$B$10 -> 7.354102 | BA78: =IF(MAX(AP78,0)=0,AY78,AY78/MAX(AP78,0)) -> 6.677051
A79: 78 | B79: ironclad_thrash | C79: 铁甲战士 | D79: 痛殴 | E79: Thrash | F79: 攻击 | G79: 稀有 | H79: 1 | I79: 1 | J79: 造成4点伤害两次。 消耗你的手牌中随机一张攻击牌，并将它的伤害添加给这张牌。 | K79: 含消耗其他牌效果 | L79: enemy_single | M79: 4 | N79: 6 | O79: 2 | P79: 0 | Q79: 0 | R79: 0 | S79: 0 | T79: 0 | U79: 0 | V79: 0 | W79: 0 | X79: 0 | Y79: 0 | Z79: 0 | AA79: 0 | AB79: 0 | AC79: 0 | AD79: 0 | AE79: 0 | AF79: 0 | AG79: 0 | AH79: 0 | AI79: 0 | AJ79: 0 | AK79: none | AO79: 含消耗其他牌效果 | AP79: =IF(ISNUMBER(H79),IF(AND(H79=0,V79=0,AK79="none"),0.4,IF(AK79="exhaust",MAX(H79-V79,0.4),IF(AK79="ethereal",MAX(H79-V79,0.4),MAX(H79-V79,0.4)))),IF(AND(AK79="exhaust",OR(H79="X",H79="∞")),0.4,IF(OR(H79="X",H79="∞"),0.4,0.4))) -> 1 | AQ79: 0 | AR79: 0 | AT79: v0.110.1 sts2.info | AU79: 0 | AY79: =IFERROR(MAX(IF(IF(AND(F79="能力",AL79="能力持续"),(参数!$B$2-1)*参数!$B$3,0)+M79*O79*参数!$B$5*IF(AND(F79="能力",AL79="能力持续"),参数!$B$2,1)+P79*参数!$B$6*IF(AND(F79="能力",AL79="能力持续"),参数!$B$2,1)+R79*参数!$B$7*IF(AND(F79="能力",AL79="能力持续"),参数!$B$2,1)+V79*参数!$B$8+IF(X79<0,X79*参数!$B$13,X79*参数!$B$39)+IF(AE79<0,AE79*参数!$B$13,AE79*参数!$B$12)*参数!$B$2+AQ79*参数!$B$15+AB79*参数!$B$11+AF79*参数!$B$40*参数!$B$2+AG79*参数!$B$44*参数!$B$2+AH79*参数!$B$6*参数!$B$2+AI79*参数!$B$39*参数!$B$2+AJ79*参数!$B$6*参数!$B$2+Z79*参数!$B$13-T79*参数!$B$14-AD79*参数!$B$13+IF(ISNUMBER(AU79),AU79*参数!$B$38,0)-AV79*参数!$B$41-AW79*参数!$B$14>参数!$B$17,参数!$B$17+SQRT(IF(AND(F79="能力",AL79="能力持续"),(参数!$B$2-1)*参数!$B$3,0)+M79*O79*参数!$B$5*IF(AND(F79="能力",AL79="能力持续"),参数!$B$2,1)+P79*参数!$B$6*IF(AND(F79="能力",AL79="能力持续"),参数!$B$2,1)+R79*参数!$B$7*IF(AND(F79="能力",AL79="能力持续"),参数!$B$2,1)+V79*参数!$B$8+IF(X79<0,X79*参数!$B$13,X79*参数!$B$39)+IF(AE79<0,AE79*参数!$B$13,AE79*参数!$B$12)*参数!$B$2+AQ79*参数!$B$15+AB79*参数!$B$11+AF79*参数!$B$40*参数!$B$2+AG79*参数!$B$44*参数!$B$2+AH79*参数!$B$6*参数!$B$2+AI79*参数!$B$39*参数!$B$2+AJ79*参数!$B$6*参数!$B$2+Z79*参数!$B$13-T79*参数!$B$14-AD79*参数!$B$13+IF(ISNUMBER(AU79),AU79*参数!$B$38,0)-AV79*参数!$B$41-AW79*参数!$B$14-参数!$B$17)*参数!$B$18,IF(AND(F79="能力",AL79="能力持续"),(参数!$B$2-1)*参数!$B$3,0)+M79*O79*参数!$B$5*IF(AND(F79="能力",AL79="能力持续"),参数!$B$2,1)+P79*参数!$B$6*IF(AND(F79="能力",AL79="能力持续"),参数!$B$2,1)+R79*参数!$B$7*IF(AND(F79="能力",AL79="能力持续"),参数!$B$2,1)+V79*参数!$B$8+IF(X79<0,X79*参数!$B$13,X79*参数!$B$39)+IF(AE79<0,AE79*参数!$B$13,AE79*参数!$B$12)*参数!$B$2+AQ79*参数!$B$15+AB79*参数!$B$11+AF79*参数!$B$40*参数!$B$2+AG79*参数!$B$44*参数!$B$2+AH79*参数!$B$6*参数!$B$2+AI79*参数!$B$39*参数!$B$2+AJ79*参数!$B$6*参数!$B$2+Z79*参数!$B$13-T79*参数!$B$14-AD79*参数!$B$13+IF(ISNUMBER(AU79),AU79*参数!$B$38,0)-AV79*参数!$B$41-AW79*参数!$B$14),0),0) -> 8 | AZ79: =AY79-MAX(AP79,0)*参数!$B$10 -> 5 | BA79: =IF(MAX(AP79,0)=0,AY79,AY79/MAX(AP79,0)) -> 8
